-- Generated Test Data
-- Generated: 2026-01-18 08:26:18

-- SERVICES
INSERT INTO services (id, name) VALUES (1, 'Lending Check');
INSERT INTO services (id, name) VALUES (2, 'Identity Standard');
INSERT INTO services (id, name) VALUES (3, 'Verification Total');
INSERT INTO services (id, name) VALUES (4, 'Social Security Express');
INSERT INTO services (id, name) VALUES (5, 'Social Security Monitor');
INSERT INTO services (id, name) VALUES (6, 'Account Standard');
INSERT INTO services (id, name) VALUES (7, 'Financial Lookup');
INSERT INTO services (id, name) VALUES (8, 'Verification Network');
INSERT INTO services (id, name) VALUES (9, 'Financial Core');
INSERT INTO services (id, name) VALUES (10, 'Lending Extended');
INSERT INTO services (id, name) VALUES (11, 'Bank Basic');
INSERT INTO services (id, name) VALUES (12, 'Account Basic');

-- DISCOUNT GROUPS
INSERT INTO discount_groups (id, name) VALUES (1, 'Highland Capital');
INSERT INTO discount_groups (id, name) VALUES (2, 'Legacy Alliance');
INSERT INTO discount_groups (id, name) VALUES (3, 'Horizon Alliance');
INSERT INTO discount_groups (id, name) VALUES (4, 'Meridian Holdings');
INSERT INTO discount_groups (id, name) VALUES (5, 'Diamond Alliance');
INSERT INTO discount_groups (id, name) VALUES (6, 'Apex Enterprises');
INSERT INTO discount_groups (id, name) VALUES (7, 'Highland Ventures');
INSERT INTO discount_groups (id, name) VALUES (8, 'Windsor Holdings');

-- LMS
INSERT INTO lms (id, name, status, commission_rate) VALUES (1, 'Stripe Treasury', 'active', NULL);
INSERT INTO lms (id, name, status, commission_rate) VALUES (2, 'Blend', 'active', NULL);
INSERT INTO lms (id, name, status, commission_rate) VALUES (3, 'Bottomline', 'active', NULL);
INSERT INTO lms (id, name, status, commission_rate) VALUES (4, 'Q2', 'active', NULL);
INSERT INTO lms (id, name, status, commission_rate) VALUES (5, 'Bond', 'active', NULL);
INSERT INTO lms (id, name, status, commission_rate) VALUES (6, 'Fiserv', 'active', NULL);
INSERT INTO lms (id, name, status, commission_rate) VALUES (7, 'Cross River Digital', 'active', 14.5);
INSERT INTO lms (id, name, status, commission_rate) VALUES (8, 'Yodlee', 'active', 10.5);
INSERT INTO lms (id, name, status, commission_rate) VALUES (9, 'FIS', 'active', NULL);
INSERT INTO lms (id, name, status, commission_rate) VALUES (10, 'Mambu', 'active', 11.2);
INSERT INTO lms (id, name, status, commission_rate) VALUES (11, 'Green Dot Platform', 'active', NULL);
INSERT INTO lms (id, name, status, commission_rate) VALUES (12, 'Unit', 'active', 11);
INSERT INTO lms (id, name, status, commission_rate) VALUES (13, 'Finicity', 'active', NULL);
INSERT INTO lms (id, name, status, commission_rate) VALUES (14, 'MX', 'active', NULL);
INSERT INTO lms (id, name, status, commission_rate) VALUES (15, 'Finastra', 'active', 16.5);

-- CUSTOMERS
INSERT INTO customers (id, name, discount_group_id, lms_id, status, contract_start_date) VALUES (1, 'Quality Consulting', 3, 10, 'paused', '2022-12-17');
INSERT INTO customers (id, name, discount_group_id, lms_id, status, contract_start_date) VALUES (2, 'Maple Co', 6, 6, 'active', '2023-12-08');
INSERT INTO customers (id, name, discount_group_id, lms_id, status, contract_start_date) VALUES (3, 'Prosperity Consulting', 1, 3, 'active', '2022-09-04');
INSERT INTO customers (id, name, discount_group_id, lms_id, status, contract_start_date) VALUES (4, 'Ruby Securities', NULL, 1, 'active', '2022-12-18');
INSERT INTO customers (id, name, discount_group_id, lms_id, status, contract_start_date) VALUES (5, 'Orbit Group', 8, 7, 'paused', '2021-07-05');
INSERT INTO customers (id, name, discount_group_id, lms_id, status, contract_start_date) VALUES (6, 'Up Global', 8, 4, 'decommissioned', '2018-12-20');
INSERT INTO customers (id, name, discount_group_id, lms_id, status, contract_start_date) VALUES (7, 'Optimal Leasing', NULL, 1, 'active', '2018-01-11');
INSERT INTO customers (id, name, discount_group_id, lms_id, status, contract_start_date) VALUES (8, 'Five Consulting', 6, 12, 'active', '2018-12-11');
INSERT INTO customers (id, name, discount_group_id, lms_id, status, contract_start_date) VALUES (9, 'Legacy Holdings', NULL, 7, 'active', '2019-09-22');
INSERT INTO customers (id, name, discount_group_id, lms_id, status, contract_start_date) VALUES (10, 'White Community', NULL, 2, 'active', '2019-05-24');
INSERT INTO customers (id, name, discount_group_id, lms_id, status, contract_start_date) VALUES (11, 'Cedar Holdings', 3, 6, 'active', '2022-05-18');
INSERT INTO customers (id, name, discount_group_id, lms_id, status, contract_start_date) VALUES (12, 'Modern Leasing', NULL, 14, 'decommissioned', '2018-10-27');
INSERT INTO customers (id, name, discount_group_id, lms_id, status, contract_start_date) VALUES (13, 'Hub LLC', 3, 2, 'active', '2025-11-01');
INSERT INTO customers (id, name, discount_group_id, lms_id, status, contract_start_date) VALUES (14, 'Honor LLC', NULL, 14, 'active', '2024-01-25');
INSERT INTO customers (id, name, discount_group_id, lms_id, status, contract_start_date) VALUES (15, 'Hub Holdings', NULL, 10, 'active', '2025-07-13');
INSERT INTO customers (id, name, discount_group_id, lms_id, status, contract_start_date) VALUES (16, 'True Funding', 3, 13, 'active', '2022-02-04');
INSERT INTO customers (id, name, discount_group_id, lms_id, status, contract_start_date) VALUES (17, 'Oak Savings', NULL, 5, 'paused', '2019-09-19');
INSERT INTO customers (id, name, discount_group_id, lms_id, status, contract_start_date) VALUES (18, 'Pulse Global', 3, 5, 'active', '2019-11-08');
INSERT INTO customers (id, name, discount_group_id, lms_id, status, contract_start_date) VALUES (19, 'High Plus', 8, 2, 'paused', '2024-05-03');
INSERT INTO customers (id, name, discount_group_id, lms_id, status, contract_start_date) VALUES (20, 'Red Holdings', NULL, 5, 'active', '2025-08-20');
INSERT INTO customers (id, name, discount_group_id, lms_id, status, contract_start_date) VALUES (21, 'Ivy Lending', 4, 11, 'active', '2020-08-03');
INSERT INTO customers (id, name, discount_group_id, lms_id, status, contract_start_date) VALUES (22, 'Sequoia United', NULL, 11, 'active', '2024-02-27');
INSERT INTO customers (id, name, discount_group_id, lms_id, status, contract_start_date) VALUES (23, 'Yellow Pro', NULL, 11, 'active', '2020-11-01');
INSERT INTO customers (id, name, discount_group_id, lms_id, status, contract_start_date) VALUES (24, 'Midwest Express', 4, 7, 'active', '2025-01-26');
INSERT INTO customers (id, name, discount_group_id, lms_id, status, contract_start_date) VALUES (25, 'Wise Corp', 8, 1, 'active', '2021-06-15');
INSERT INTO customers (id, name, discount_group_id, lms_id, status, contract_start_date) VALUES (26, 'Crown International', 4, 13, 'active', '2021-01-29');
INSERT INTO customers (id, name, discount_group_id, lms_id, status, contract_start_date) VALUES (27, 'Value Associates', NULL, 12, 'paused', '2020-09-07');
INSERT INTO customers (id, name, discount_group_id, lms_id, status, contract_start_date) VALUES (28, 'Latitude Consulting', NULL, 11, 'active', '2022-07-24');
INSERT INTO customers (id, name, discount_group_id, lms_id, status, contract_start_date) VALUES (29, 'Journey Credit', 8, 15, 'active', '2020-09-15');
INSERT INTO customers (id, name, discount_group_id, lms_id, status, contract_start_date) VALUES (30, 'Rocky Pro', 3, 2, 'active', '2025-05-22');
INSERT INTO customers (id, name, discount_group_id, lms_id, status, contract_start_date) VALUES (31, 'Next Partners', NULL, 10, 'active', '2020-06-17');
INSERT INTO customers (id, name, discount_group_id, lms_id, status, contract_start_date) VALUES (32, 'Signal Online', 5, 15, 'active', '2023-08-19');
INSERT INTO customers (id, name, discount_group_id, lms_id, status, contract_start_date) VALUES (33, 'Timber Regional', NULL, 10, 'active', '2021-08-14');
INSERT INTO customers (id, name, discount_group_id, lms_id, status, contract_start_date) VALUES (34, 'Iron Online', NULL, 10, 'paused', '2023-05-16');
INSERT INTO customers (id, name, discount_group_id, lms_id, status, contract_start_date) VALUES (35, 'Solid Financial', 3, 12, 'active', '2024-08-19');
INSERT INTO customers (id, name, discount_group_id, lms_id, status, contract_start_date) VALUES (36, 'South Express', 6, 13, 'active', '2022-06-21');
INSERT INTO customers (id, name, discount_group_id, lms_id, status, contract_start_date) VALUES (37, 'Red Finance', NULL, 4, 'active', '2019-06-13');
INSERT INTO customers (id, name, discount_group_id, lms_id, status, contract_start_date) VALUES (38, 'Universal Securities', NULL, 10, 'active', '2022-03-18');
INSERT INTO customers (id, name, discount_group_id, lms_id, status, contract_start_date) VALUES (39, 'Open Savings', NULL, 5, 'active', '2024-07-17');
INSERT INTO customers (id, name, discount_group_id, lms_id, status, contract_start_date) VALUES (40, 'Steel Advisors', NULL, 15, 'active', '2020-07-31');
INSERT INTO customers (id, name, discount_group_id, lms_id, status, contract_start_date) VALUES (41, 'Vivid Direct', 8, 5, 'active', '2023-11-16');
INSERT INTO customers (id, name, discount_group_id, lms_id, status, contract_start_date) VALUES (42, 'Empire Financial', NULL, 12, 'active', '2023-12-08');
INSERT INTO customers (id, name, discount_group_id, lms_id, status, contract_start_date) VALUES (43, 'Sea American', NULL, 11, 'active', '2025-12-24');
INSERT INTO customers (id, name, discount_group_id, lms_id, status, contract_start_date) VALUES (44, 'Network LLC', 5, 11, 'active', '2020-05-24');
INSERT INTO customers (id, name, discount_group_id, lms_id, status, contract_start_date) VALUES (45, 'Foundation Online', 5, 5, 'active', '2023-01-11');
INSERT INTO customers (id, name, discount_group_id, lms_id, status, contract_start_date) VALUES (46, 'Plaza Insurance', 5, 9, 'active', '2021-03-11');
INSERT INTO customers (id, name, discount_group_id, lms_id, status, contract_start_date) VALUES (47, 'Granite Plus', 4, 3, 'decommissioned', '2019-08-15');
INSERT INTO customers (id, name, discount_group_id, lms_id, status, contract_start_date) VALUES (48, 'Tribute Systems', 7, 11, 'active', '2021-02-23');
INSERT INTO customers (id, name, discount_group_id, lms_id, status, contract_start_date) VALUES (49, 'Verde Digital', 2, 5, 'paused', '2023-09-26');
INSERT INTO customers (id, name, discount_group_id, lms_id, status, contract_start_date) VALUES (50, 'Twin Trust', 2, 10, 'active', '2023-08-11');
INSERT INTO customers (id, name, discount_group_id, lms_id, status, contract_start_date) VALUES (51, 'Tower Regional', NULL, 3, 'paused', '2021-09-24');
INSERT INTO customers (id, name, discount_group_id, lms_id, status, contract_start_date) VALUES (52, 'First Advisors', 7, 3, 'active', '2020-08-08');
INSERT INTO customers (id, name, discount_group_id, lms_id, status, contract_start_date) VALUES (53, 'Pulse Systems', 2, 6, 'active', '2022-11-07');
INSERT INTO customers (id, name, discount_group_id, lms_id, status, contract_start_date) VALUES (54, 'Strategic Associates', 1, 15, 'decommissioned', '2018-07-08');
INSERT INTO customers (id, name, discount_group_id, lms_id, status, contract_start_date) VALUES (55, 'Diamond Global', 5, 4, 'active', '2024-03-10');
INSERT INTO customers (id, name, discount_group_id, lms_id, status, contract_start_date) VALUES (56, 'Rocky Global', 2, 2, 'active', '2021-04-03');
INSERT INTO customers (id, name, discount_group_id, lms_id, status, contract_start_date) VALUES (57, 'Central Mortgage', 2, 2, 'active', '2022-04-12');
INSERT INTO customers (id, name, discount_group_id, lms_id, status, contract_start_date) VALUES (58, 'Acme Leasing', NULL, 1, 'active', '2018-06-28');
INSERT INTO customers (id, name, discount_group_id, lms_id, status, contract_start_date) VALUES (59, 'Strong Plus', NULL, 15, 'active', '2022-05-06');
INSERT INTO customers (id, name, discount_group_id, lms_id, status, contract_start_date) VALUES (60, 'Silver Solutions', 3, 7, 'active', '2021-10-04');
INSERT INTO customers (id, name, discount_group_id, lms_id, status, contract_start_date) VALUES (61, 'Empire Capital', NULL, 6, 'active', '2021-09-11');
INSERT INTO customers (id, name, discount_group_id, lms_id, status, contract_start_date) VALUES (62, 'Sage Online', 6, 14, 'decommissioned', '2025-05-22');
INSERT INTO customers (id, name, discount_group_id, lms_id, status, contract_start_date) VALUES (63, 'Eagle LLC', 6, 4, 'paused', '2020-03-20');
INSERT INTO customers (id, name, discount_group_id, lms_id, status, contract_start_date) VALUES (64, 'Yellow Associates', 6, 10, 'active', '2023-01-31');
INSERT INTO customers (id, name, discount_group_id, lms_id, status, contract_start_date) VALUES (65, 'Strong Savings', 7, 15, 'decommissioned', '2019-02-14');
INSERT INTO customers (id, name, discount_group_id, lms_id, status, contract_start_date) VALUES (66, 'Heritage Global', NULL, 2, 'active', '2018-09-17');
INSERT INTO customers (id, name, discount_group_id, lms_id, status, contract_start_date) VALUES (67, 'Western Solutions', NULL, 6, 'active', '2021-05-31');
INSERT INTO customers (id, name, discount_group_id, lms_id, status, contract_start_date) VALUES (68, 'Street Associates', 4, 4, 'active', '2025-01-13');
INSERT INTO customers (id, name, discount_group_id, lms_id, status, contract_start_date) VALUES (69, 'Pearl Mortgage', NULL, 12, 'active', '2019-08-10');
INSERT INTO customers (id, name, discount_group_id, lms_id, status, contract_start_date) VALUES (70, 'Pioneer United', NULL, 7, 'active', '2020-11-08');
INSERT INTO customers (id, name, discount_group_id, lms_id, status, contract_start_date) VALUES (71, 'Coastal Bank', 2, 6, 'active', '2019-04-16');
INSERT INTO customers (id, name, discount_group_id, lms_id, status, contract_start_date) VALUES (72, 'Nova Bank', 1, 9, 'active', '2022-11-15');
INSERT INTO customers (id, name, discount_group_id, lms_id, status, contract_start_date) VALUES (73, 'Honor Group', NULL, 7, 'decommissioned', '2020-09-06');
INSERT INTO customers (id, name, discount_group_id, lms_id, status, contract_start_date) VALUES (74, 'Infinity Inc', 2, 12, 'paused', '2021-01-04');
INSERT INTO customers (id, name, discount_group_id, lms_id, status, contract_start_date) VALUES (75, 'Grand Financial', NULL, 1, 'paused', '2023-09-26');
INSERT INTO customers (id, name, discount_group_id, lms_id, status, contract_start_date) VALUES (76, 'One Lending', NULL, 4, 'active', '2022-08-08');
INSERT INTO customers (id, name, discount_group_id, lms_id, status, contract_start_date) VALUES (77, 'Third Plus', NULL, 3, 'active', '2018-08-24');
INSERT INTO customers (id, name, discount_group_id, lms_id, status, contract_start_date) VALUES (78, 'Solar United', 8, 1, 'paused', '2019-11-19');
INSERT INTO customers (id, name, discount_group_id, lms_id, status, contract_start_date) VALUES (79, 'Hub Trust', 1, 12, 'active', '2024-05-06');
INSERT INTO customers (id, name, discount_group_id, lms_id, status, contract_start_date) VALUES (80, 'Value Management', NULL, 3, 'active', '2021-04-25');
INSERT INTO customers (id, name, discount_group_id, lms_id, status, contract_start_date) VALUES (81, 'Unity Funding', 7, 8, 'decommissioned', '2019-09-23');
INSERT INTO customers (id, name, discount_group_id, lms_id, status, contract_start_date) VALUES (82, 'Wise Inc', 3, 11, 'active', '2018-05-12');
INSERT INTO customers (id, name, discount_group_id, lms_id, status, contract_start_date) VALUES (83, 'Up Technologies', 6, 2, 'paused', '2024-04-05');
INSERT INTO customers (id, name, discount_group_id, lms_id, status, contract_start_date) VALUES (84, 'Clear Online', NULL, 2, 'decommissioned', '2022-06-20');
INSERT INTO customers (id, name, discount_group_id, lms_id, status, contract_start_date) VALUES (85, 'Terra Bank', 5, 15, 'decommissioned', '2020-05-03');
INSERT INTO customers (id, name, discount_group_id, lms_id, status, contract_start_date) VALUES (86, 'Peninsula Credit', 8, 8, 'active', '2018-06-18');
INSERT INTO customers (id, name, discount_group_id, lms_id, status, contract_start_date) VALUES (87, 'Direct Partners', 6, 9, 'active', '2018-06-19');
INSERT INTO customers (id, name, discount_group_id, lms_id, status, contract_start_date) VALUES (88, 'Green Technologies', 2, 13, 'active', '2024-06-18');
INSERT INTO customers (id, name, discount_group_id, lms_id, status, contract_start_date) VALUES (89, 'North Digital', 4, 14, 'active', '2020-01-31');
INSERT INTO customers (id, name, discount_group_id, lms_id, status, contract_start_date) VALUES (90, 'Stone LLC', 2, 15, 'active', '2022-08-10');
INSERT INTO customers (id, name, discount_group_id, lms_id, status, contract_start_date) VALUES (91, 'Peninsula Funding', NULL, 4, 'active', '2024-03-07');
INSERT INTO customers (id, name, discount_group_id, lms_id, status, contract_start_date) VALUES (92, 'Spectrum Holdings', 8, 3, 'active', '2018-07-23');
INSERT INTO customers (id, name, discount_group_id, lms_id, status, contract_start_date) VALUES (93, 'Ray Corp', NULL, 6, 'active', '2024-08-22');
INSERT INTO customers (id, name, discount_group_id, lms_id, status, contract_start_date) VALUES (94, 'Venture Global', 8, 4, 'active', '2022-11-06');
INSERT INTO customers (id, name, discount_group_id, lms_id, status, contract_start_date) VALUES (95, 'Ocean Corp', NULL, 6, 'active', '2024-05-21');
INSERT INTO customers (id, name, discount_group_id, lms_id, status, contract_start_date) VALUES (96, 'Falcon Consulting', 3, 4, 'active', '2023-03-21');
INSERT INTO customers (id, name, discount_group_id, lms_id, status, contract_start_date) VALUES (97, 'Vista Group', 1, 8, 'paused', '2021-04-05');
INSERT INTO customers (id, name, discount_group_id, lms_id, status, contract_start_date) VALUES (98, 'Mason Leasing', 5, 10, 'active', '2023-03-20');
INSERT INTO customers (id, name, discount_group_id, lms_id, status, contract_start_date) VALUES (99, 'Native Credit', 2, 5, 'active', '2022-11-09');
INSERT INTO customers (id, name, discount_group_id, lms_id, status, contract_start_date) VALUES (100, 'Coastal LLC', 7, 8, 'active', '2019-04-11');

-- PRICING TIERS (DEFAULT)
INSERT INTO pricing_tiers (level, level_id, service_id, volume_start, volume_end, price_per_inquiry, effective_date) VALUES ('default', NULL, 1, 0, 4999, 0.3437, date('now'));
INSERT INTO pricing_tiers (level, level_id, service_id, volume_start, volume_end, price_per_inquiry, effective_date) VALUES ('default', NULL, 1, 5000, 9999, 0.3162, date('now'));
INSERT INTO pricing_tiers (level, level_id, service_id, volume_start, volume_end, price_per_inquiry, effective_date) VALUES ('default', NULL, 1, 10000, 49999, 0.2909, date('now'));
INSERT INTO pricing_tiers (level, level_id, service_id, volume_start, volume_end, price_per_inquiry, effective_date) VALUES ('default', NULL, 1, 50000, 99999, 0.2705, date('now'));
INSERT INTO pricing_tiers (level, level_id, service_id, volume_start, volume_end, price_per_inquiry, effective_date) VALUES ('default', NULL, 1, 100000, NULL, 0.257, date('now'));
INSERT INTO pricing_tiers (level, level_id, service_id, volume_start, volume_end, price_per_inquiry, effective_date) VALUES ('default', NULL, 2, 0, 24999, 0.8417, date('now'));
INSERT INTO pricing_tiers (level, level_id, service_id, volume_start, volume_end, price_per_inquiry, effective_date) VALUES ('default', NULL, 2, 25000, 49999, 0.7912, date('now'));
INSERT INTO pricing_tiers (level, level_id, service_id, volume_start, volume_end, price_per_inquiry, effective_date) VALUES ('default', NULL, 2, 50000, NULL, 0.6963, date('now'));
INSERT INTO pricing_tiers (level, level_id, service_id, volume_start, volume_end, price_per_inquiry, effective_date) VALUES ('default', NULL, 3, 0, 9999, 0.1279, date('now'));
INSERT INTO pricing_tiers (level, level_id, service_id, volume_start, volume_end, price_per_inquiry, effective_date) VALUES ('default', NULL, 3, 10000, 99999, 0.1177, date('now'));
INSERT INTO pricing_tiers (level, level_id, service_id, volume_start, volume_end, price_per_inquiry, effective_date) VALUES ('default', NULL, 3, 100000, NULL, 0.1059, date('now'));
INSERT INTO pricing_tiers (level, level_id, service_id, volume_start, volume_end, price_per_inquiry, effective_date) VALUES ('default', NULL, 4, 0, 999, 0.0864, date('now'));
INSERT INTO pricing_tiers (level, level_id, service_id, volume_start, volume_end, price_per_inquiry, effective_date) VALUES ('default', NULL, 4, 1000, 24999, 0.0821, date('now'));
INSERT INTO pricing_tiers (level, level_id, service_id, volume_start, volume_end, price_per_inquiry, effective_date) VALUES ('default', NULL, 4, 25000, 99999, 0.0755, date('now'));
INSERT INTO pricing_tiers (level, level_id, service_id, volume_start, volume_end, price_per_inquiry, effective_date) VALUES ('default', NULL, 4, 100000, NULL, 0.0657, date('now'));
INSERT INTO pricing_tiers (level, level_id, service_id, volume_start, volume_end, price_per_inquiry, effective_date) VALUES ('default', NULL, 5, 0, 4999, 0.1196, date('now'));
INSERT INTO pricing_tiers (level, level_id, service_id, volume_start, volume_end, price_per_inquiry, effective_date) VALUES ('default', NULL, 5, 5000, 9999, 0.1088, date('now'));
INSERT INTO pricing_tiers (level, level_id, service_id, volume_start, volume_end, price_per_inquiry, effective_date) VALUES ('default', NULL, 5, 10000, 49999, 0.0969, date('now'));
INSERT INTO pricing_tiers (level, level_id, service_id, volume_start, volume_end, price_per_inquiry, effective_date) VALUES ('default', NULL, 5, 50000, 99999, 0.0872, date('now'));
INSERT INTO pricing_tiers (level, level_id, service_id, volume_start, volume_end, price_per_inquiry, effective_date) VALUES ('default', NULL, 5, 100000, NULL, 0.0811, date('now'));
INSERT INTO pricing_tiers (level, level_id, service_id, volume_start, volume_end, price_per_inquiry, effective_date) VALUES ('default', NULL, 6, 0, 24999, 0.7421, date('now'));
INSERT INTO pricing_tiers (level, level_id, service_id, volume_start, volume_end, price_per_inquiry, effective_date) VALUES ('default', NULL, 6, 25000, 49999, 0.6456, date('now'));
INSERT INTO pricing_tiers (level, level_id, service_id, volume_start, volume_end, price_per_inquiry, effective_date) VALUES ('default', NULL, 6, 50000, NULL, 0.5811, date('now'));
INSERT INTO pricing_tiers (level, level_id, service_id, volume_start, volume_end, price_per_inquiry, effective_date) VALUES ('default', NULL, 7, 0, 9999, 0.4433, date('now'));
INSERT INTO pricing_tiers (level, level_id, service_id, volume_start, volume_end, price_per_inquiry, effective_date) VALUES ('default', NULL, 7, 10000, 99999, 0.4167, date('now'));
INSERT INTO pricing_tiers (level, level_id, service_id, volume_start, volume_end, price_per_inquiry, effective_date) VALUES ('default', NULL, 7, 100000, NULL, 0.3834, date('now'));
INSERT INTO pricing_tiers (level, level_id, service_id, volume_start, volume_end, price_per_inquiry, effective_date) VALUES ('default', NULL, 8, 0, 999, 0.6176, date('now'));
INSERT INTO pricing_tiers (level, level_id, service_id, volume_start, volume_end, price_per_inquiry, effective_date) VALUES ('default', NULL, 8, 1000, 4999, 0.5682, date('now'));
INSERT INTO pricing_tiers (level, level_id, service_id, volume_start, volume_end, price_per_inquiry, effective_date) VALUES ('default', NULL, 8, 5000, 9999, 0.4886, date('now'));
INSERT INTO pricing_tiers (level, level_id, service_id, volume_start, volume_end, price_per_inquiry, effective_date) VALUES ('default', NULL, 8, 10000, NULL, 0.4593, date('now'));
INSERT INTO pricing_tiers (level, level_id, service_id, volume_start, volume_end, price_per_inquiry, effective_date) VALUES ('default', NULL, 9, 0, 999, 0.2773, date('now'));
INSERT INTO pricing_tiers (level, level_id, service_id, volume_start, volume_end, price_per_inquiry, effective_date) VALUES ('default', NULL, 9, 1000, 4999, 0.2468, date('now'));
INSERT INTO pricing_tiers (level, level_id, service_id, volume_start, volume_end, price_per_inquiry, effective_date) VALUES ('default', NULL, 9, 5000, NULL, 0.2147, date('now'));
INSERT INTO pricing_tiers (level, level_id, service_id, volume_start, volume_end, price_per_inquiry, effective_date) VALUES ('default', NULL, 10, 0, 4999, 0.6591, date('now'));
INSERT INTO pricing_tiers (level, level_id, service_id, volume_start, volume_end, price_per_inquiry, effective_date) VALUES ('default', NULL, 10, 5000, 24999, 0.58, date('now'));
INSERT INTO pricing_tiers (level, level_id, service_id, volume_start, volume_end, price_per_inquiry, effective_date) VALUES ('default', NULL, 10, 25000, 99999, 0.5278, date('now'));
INSERT INTO pricing_tiers (level, level_id, service_id, volume_start, volume_end, price_per_inquiry, effective_date) VALUES ('default', NULL, 10, 100000, NULL, 0.4803, date('now'));
INSERT INTO pricing_tiers (level, level_id, service_id, volume_start, volume_end, price_per_inquiry, effective_date) VALUES ('default', NULL, 11, 0, 4999, 0.5678, date('now'));
INSERT INTO pricing_tiers (level, level_id, service_id, volume_start, volume_end, price_per_inquiry, effective_date) VALUES ('default', NULL, 11, 5000, 24999, 0.5167, date('now'));
INSERT INTO pricing_tiers (level, level_id, service_id, volume_start, volume_end, price_per_inquiry, effective_date) VALUES ('default', NULL, 11, 25000, 99999, 0.4805, date('now'));
INSERT INTO pricing_tiers (level, level_id, service_id, volume_start, volume_end, price_per_inquiry, effective_date) VALUES ('default', NULL, 11, 100000, NULL, 0.4565, date('now'));
INSERT INTO pricing_tiers (level, level_id, service_id, volume_start, volume_end, price_per_inquiry, effective_date) VALUES ('default', NULL, 12, 0, 4999, 0.6923, date('now'));
INSERT INTO pricing_tiers (level, level_id, service_id, volume_start, volume_end, price_per_inquiry, effective_date) VALUES ('default', NULL, 12, 5000, 9999, 0.6023, date('now'));
INSERT INTO pricing_tiers (level, level_id, service_id, volume_start, volume_end, price_per_inquiry, effective_date) VALUES ('default', NULL, 12, 10000, 24999, 0.512, date('now'));
INSERT INTO pricing_tiers (level, level_id, service_id, volume_start, volume_end, price_per_inquiry, effective_date) VALUES ('default', NULL, 12, 25000, 99999, 0.4864, date('now'));
INSERT INTO pricing_tiers (level, level_id, service_id, volume_start, volume_end, price_per_inquiry, effective_date) VALUES ('default', NULL, 12, 100000, NULL, 0.4523, date('now'));

-- PRICING TIERS (GROUP OVERRIDES)
INSERT INTO pricing_tiers (level, level_id, service_id, volume_start, volume_end, price_per_inquiry, effective_date) VALUES ('group', 1, 4, 0, 999, 0.0717, date('now'));
INSERT INTO pricing_tiers (level, level_id, service_id, volume_start, volume_end, price_per_inquiry, effective_date) VALUES ('group', 1, 4, 1000, 24999, 0.0681, date('now'));
INSERT INTO pricing_tiers (level, level_id, service_id, volume_start, volume_end, price_per_inquiry, effective_date) VALUES ('group', 1, 4, 25000, 99999, 0.0627, date('now'));
INSERT INTO pricing_tiers (level, level_id, service_id, volume_start, volume_end, price_per_inquiry, effective_date) VALUES ('group', 1, 4, 100000, NULL, 0.0545, date('now'));
INSERT INTO pricing_tiers (level, level_id, service_id, volume_start, volume_end, price_per_inquiry, effective_date) VALUES ('group', 1, 8, 0, 999, 0.5682, date('now'));
INSERT INTO pricing_tiers (level, level_id, service_id, volume_start, volume_end, price_per_inquiry, effective_date) VALUES ('group', 1, 8, 1000, 4999, 0.5227, date('now'));
INSERT INTO pricing_tiers (level, level_id, service_id, volume_start, volume_end, price_per_inquiry, effective_date) VALUES ('group', 1, 8, 5000, 9999, 0.4495, date('now'));
INSERT INTO pricing_tiers (level, level_id, service_id, volume_start, volume_end, price_per_inquiry, effective_date) VALUES ('group', 1, 8, 10000, NULL, 0.4226, date('now'));
INSERT INTO pricing_tiers (level, level_id, service_id, volume_start, volume_end, price_per_inquiry, effective_date) VALUES ('group', 1, 10, 0, 4999, 0.6064, date('now'));
INSERT INTO pricing_tiers (level, level_id, service_id, volume_start, volume_end, price_per_inquiry, effective_date) VALUES ('group', 1, 10, 5000, 24999, 0.5336, date('now'));
INSERT INTO pricing_tiers (level, level_id, service_id, volume_start, volume_end, price_per_inquiry, effective_date) VALUES ('group', 1, 10, 25000, 99999, 0.4856, date('now'));
INSERT INTO pricing_tiers (level, level_id, service_id, volume_start, volume_end, price_per_inquiry, effective_date) VALUES ('group', 1, 10, 100000, NULL, 0.4419, date('now'));
INSERT INTO pricing_tiers (level, level_id, service_id, volume_start, volume_end, price_per_inquiry, effective_date) VALUES ('group', 1, 5, 0, 4999, 0.1076, date('now'));
INSERT INTO pricing_tiers (level, level_id, service_id, volume_start, volume_end, price_per_inquiry, effective_date) VALUES ('group', 1, 5, 5000, 9999, 0.0979, date('now'));
INSERT INTO pricing_tiers (level, level_id, service_id, volume_start, volume_end, price_per_inquiry, effective_date) VALUES ('group', 1, 5, 10000, 49999, 0.0872, date('now'));
INSERT INTO pricing_tiers (level, level_id, service_id, volume_start, volume_end, price_per_inquiry, effective_date) VALUES ('group', 1, 5, 50000, 99999, 0.0785, date('now'));
INSERT INTO pricing_tiers (level, level_id, service_id, volume_start, volume_end, price_per_inquiry, effective_date) VALUES ('group', 1, 5, 100000, NULL, 0.073, date('now'));
INSERT INTO pricing_tiers (level, level_id, service_id, volume_start, volume_end, price_per_inquiry, effective_date) VALUES ('group', 1, 12, 0, 4999, 0.5815, date('now'));
INSERT INTO pricing_tiers (level, level_id, service_id, volume_start, volume_end, price_per_inquiry, effective_date) VALUES ('group', 1, 12, 5000, 9999, 0.5059, date('now'));
INSERT INTO pricing_tiers (level, level_id, service_id, volume_start, volume_end, price_per_inquiry, effective_date) VALUES ('group', 1, 12, 10000, 24999, 0.4301, date('now'));
INSERT INTO pricing_tiers (level, level_id, service_id, volume_start, volume_end, price_per_inquiry, effective_date) VALUES ('group', 1, 12, 25000, 99999, 0.4086, date('now'));
INSERT INTO pricing_tiers (level, level_id, service_id, volume_start, volume_end, price_per_inquiry, effective_date) VALUES ('group', 1, 12, 100000, NULL, 0.3799, date('now'));
INSERT INTO pricing_tiers (level, level_id, service_id, volume_start, volume_end, price_per_inquiry, effective_date) VALUES ('group', 1, 11, 0, 4999, 0.4599, date('now'));
INSERT INTO pricing_tiers (level, level_id, service_id, volume_start, volume_end, price_per_inquiry, effective_date) VALUES ('group', 1, 11, 5000, 24999, 0.4185, date('now'));
INSERT INTO pricing_tiers (level, level_id, service_id, volume_start, volume_end, price_per_inquiry, effective_date) VALUES ('group', 1, 11, 25000, 99999, 0.3892, date('now'));
INSERT INTO pricing_tiers (level, level_id, service_id, volume_start, volume_end, price_per_inquiry, effective_date) VALUES ('group', 1, 11, 100000, NULL, 0.3698, date('now'));
INSERT INTO pricing_tiers (level, level_id, service_id, volume_start, volume_end, price_per_inquiry, effective_date) VALUES ('group', 1, 7, 0, 9999, 0.4123, date('now'));
INSERT INTO pricing_tiers (level, level_id, service_id, volume_start, volume_end, price_per_inquiry, effective_date) VALUES ('group', 1, 7, 10000, 99999, 0.3875, date('now'));
INSERT INTO pricing_tiers (level, level_id, service_id, volume_start, volume_end, price_per_inquiry, effective_date) VALUES ('group', 1, 7, 100000, NULL, 0.3566, date('now'));
INSERT INTO pricing_tiers (level, level_id, service_id, volume_start, volume_end, price_per_inquiry, effective_date) VALUES ('group', 1, 1, 0, 4999, 0.2853, date('now'));
INSERT INTO pricing_tiers (level, level_id, service_id, volume_start, volume_end, price_per_inquiry, effective_date) VALUES ('group', 1, 1, 5000, 9999, 0.2624, date('now'));
INSERT INTO pricing_tiers (level, level_id, service_id, volume_start, volume_end, price_per_inquiry, effective_date) VALUES ('group', 1, 1, 10000, 49999, 0.2414, date('now'));
INSERT INTO pricing_tiers (level, level_id, service_id, volume_start, volume_end, price_per_inquiry, effective_date) VALUES ('group', 1, 1, 50000, 99999, 0.2245, date('now'));
INSERT INTO pricing_tiers (level, level_id, service_id, volume_start, volume_end, price_per_inquiry, effective_date) VALUES ('group', 1, 1, 100000, NULL, 0.2133, date('now'));
INSERT INTO pricing_tiers (level, level_id, service_id, volume_start, volume_end, price_per_inquiry, effective_date) VALUES ('group', 2, 7, 0, 9999, 0.3724, date('now'));
INSERT INTO pricing_tiers (level, level_id, service_id, volume_start, volume_end, price_per_inquiry, effective_date) VALUES ('group', 2, 7, 10000, 99999, 0.35, date('now'));
INSERT INTO pricing_tiers (level, level_id, service_id, volume_start, volume_end, price_per_inquiry, effective_date) VALUES ('group', 2, 7, 100000, NULL, 0.3221, date('now'));
INSERT INTO pricing_tiers (level, level_id, service_id, volume_start, volume_end, price_per_inquiry, effective_date) VALUES ('group', 2, 5, 0, 4999, 0.0981, date('now'));
INSERT INTO pricing_tiers (level, level_id, service_id, volume_start, volume_end, price_per_inquiry, effective_date) VALUES ('group', 2, 5, 5000, 9999, 0.0892, date('now'));
INSERT INTO pricing_tiers (level, level_id, service_id, volume_start, volume_end, price_per_inquiry, effective_date) VALUES ('group', 2, 5, 10000, 49999, 0.0795, date('now'));
INSERT INTO pricing_tiers (level, level_id, service_id, volume_start, volume_end, price_per_inquiry, effective_date) VALUES ('group', 2, 5, 50000, 99999, 0.0715, date('now'));
INSERT INTO pricing_tiers (level, level_id, service_id, volume_start, volume_end, price_per_inquiry, effective_date) VALUES ('group', 2, 5, 100000, NULL, 0.0665, date('now'));
INSERT INTO pricing_tiers (level, level_id, service_id, volume_start, volume_end, price_per_inquiry, effective_date) VALUES ('group', 2, 8, 0, 999, 0.5311, date('now'));
INSERT INTO pricing_tiers (level, level_id, service_id, volume_start, volume_end, price_per_inquiry, effective_date) VALUES ('group', 2, 8, 1000, 4999, 0.4887, date('now'));
INSERT INTO pricing_tiers (level, level_id, service_id, volume_start, volume_end, price_per_inquiry, effective_date) VALUES ('group', 2, 8, 5000, 9999, 0.4202, date('now'));
INSERT INTO pricing_tiers (level, level_id, service_id, volume_start, volume_end, price_per_inquiry, effective_date) VALUES ('group', 2, 8, 10000, NULL, 0.395, date('now'));
INSERT INTO pricing_tiers (level, level_id, service_id, volume_start, volume_end, price_per_inquiry, effective_date) VALUES ('group', 2, 1, 0, 4999, 0.3162, date('now'));
INSERT INTO pricing_tiers (level, level_id, service_id, volume_start, volume_end, price_per_inquiry, effective_date) VALUES ('group', 2, 1, 5000, 9999, 0.2909, date('now'));
INSERT INTO pricing_tiers (level, level_id, service_id, volume_start, volume_end, price_per_inquiry, effective_date) VALUES ('group', 2, 1, 10000, 49999, 0.2676, date('now'));
INSERT INTO pricing_tiers (level, level_id, service_id, volume_start, volume_end, price_per_inquiry, effective_date) VALUES ('group', 2, 1, 50000, 99999, 0.2489, date('now'));
INSERT INTO pricing_tiers (level, level_id, service_id, volume_start, volume_end, price_per_inquiry, effective_date) VALUES ('group', 2, 1, 100000, NULL, 0.2364, date('now'));
INSERT INTO pricing_tiers (level, level_id, service_id, volume_start, volume_end, price_per_inquiry, effective_date) VALUES ('group', 2, 6, 0, 24999, 0.6234, date('now'));
INSERT INTO pricing_tiers (level, level_id, service_id, volume_start, volume_end, price_per_inquiry, effective_date) VALUES ('group', 2, 6, 25000, 49999, 0.5423, date('now'));
INSERT INTO pricing_tiers (level, level_id, service_id, volume_start, volume_end, price_per_inquiry, effective_date) VALUES ('group', 2, 6, 50000, NULL, 0.4881, date('now'));
INSERT INTO pricing_tiers (level, level_id, service_id, volume_start, volume_end, price_per_inquiry, effective_date) VALUES ('group', 2, 2, 0, 24999, 0.7407, date('now'));
INSERT INTO pricing_tiers (level, level_id, service_id, volume_start, volume_end, price_per_inquiry, effective_date) VALUES ('group', 2, 2, 25000, 49999, 0.6963, date('now'));
INSERT INTO pricing_tiers (level, level_id, service_id, volume_start, volume_end, price_per_inquiry, effective_date) VALUES ('group', 2, 2, 50000, NULL, 0.6127, date('now'));
INSERT INTO pricing_tiers (level, level_id, service_id, volume_start, volume_end, price_per_inquiry, effective_date) VALUES ('group', 4, 7, 0, 9999, 0.3901, date('now'));
INSERT INTO pricing_tiers (level, level_id, service_id, volume_start, volume_end, price_per_inquiry, effective_date) VALUES ('group', 4, 7, 10000, 99999, 0.3667, date('now'));
INSERT INTO pricing_tiers (level, level_id, service_id, volume_start, volume_end, price_per_inquiry, effective_date) VALUES ('group', 4, 7, 100000, NULL, 0.3374, date('now'));
INSERT INTO pricing_tiers (level, level_id, service_id, volume_start, volume_end, price_per_inquiry, effective_date) VALUES ('group', 4, 12, 0, 4999, 0.6577, date('now'));
INSERT INTO pricing_tiers (level, level_id, service_id, volume_start, volume_end, price_per_inquiry, effective_date) VALUES ('group', 4, 12, 5000, 9999, 0.5722, date('now'));
INSERT INTO pricing_tiers (level, level_id, service_id, volume_start, volume_end, price_per_inquiry, effective_date) VALUES ('group', 4, 12, 10000, 24999, 0.4864, date('now'));
INSERT INTO pricing_tiers (level, level_id, service_id, volume_start, volume_end, price_per_inquiry, effective_date) VALUES ('group', 4, 12, 25000, 99999, 0.4621, date('now'));
INSERT INTO pricing_tiers (level, level_id, service_id, volume_start, volume_end, price_per_inquiry, effective_date) VALUES ('group', 4, 12, 100000, NULL, 0.4297, date('now'));
INSERT INTO pricing_tiers (level, level_id, service_id, volume_start, volume_end, price_per_inquiry, effective_date) VALUES ('group', 4, 6, 0, 24999, 0.6679, date('now'));
INSERT INTO pricing_tiers (level, level_id, service_id, volume_start, volume_end, price_per_inquiry, effective_date) VALUES ('group', 4, 6, 25000, 49999, 0.581, date('now'));
INSERT INTO pricing_tiers (level, level_id, service_id, volume_start, volume_end, price_per_inquiry, effective_date) VALUES ('group', 4, 6, 50000, NULL, 0.523, date('now'));
INSERT INTO pricing_tiers (level, level_id, service_id, volume_start, volume_end, price_per_inquiry, effective_date) VALUES ('group', 4, 8, 0, 999, 0.562, date('now'));
INSERT INTO pricing_tiers (level, level_id, service_id, volume_start, volume_end, price_per_inquiry, effective_date) VALUES ('group', 4, 8, 1000, 4999, 0.5171, date('now'));
INSERT INTO pricing_tiers (level, level_id, service_id, volume_start, volume_end, price_per_inquiry, effective_date) VALUES ('group', 4, 8, 5000, 9999, 0.4446, date('now'));
INSERT INTO pricing_tiers (level, level_id, service_id, volume_start, volume_end, price_per_inquiry, effective_date) VALUES ('group', 4, 8, 10000, NULL, 0.418, date('now'));
INSERT INTO pricing_tiers (level, level_id, service_id, volume_start, volume_end, price_per_inquiry, effective_date) VALUES ('group', 4, 5, 0, 4999, 0.1076, date('now'));
INSERT INTO pricing_tiers (level, level_id, service_id, volume_start, volume_end, price_per_inquiry, effective_date) VALUES ('group', 4, 5, 5000, 9999, 0.0979, date('now'));
INSERT INTO pricing_tiers (level, level_id, service_id, volume_start, volume_end, price_per_inquiry, effective_date) VALUES ('group', 4, 5, 10000, 49999, 0.0872, date('now'));
INSERT INTO pricing_tiers (level, level_id, service_id, volume_start, volume_end, price_per_inquiry, effective_date) VALUES ('group', 4, 5, 50000, 99999, 0.0785, date('now'));
INSERT INTO pricing_tiers (level, level_id, service_id, volume_start, volume_end, price_per_inquiry, effective_date) VALUES ('group', 4, 5, 100000, NULL, 0.073, date('now'));
INSERT INTO pricing_tiers (level, level_id, service_id, volume_start, volume_end, price_per_inquiry, effective_date) VALUES ('group', 5, 6, 0, 24999, 0.6753, date('now'));
INSERT INTO pricing_tiers (level, level_id, service_id, volume_start, volume_end, price_per_inquiry, effective_date) VALUES ('group', 5, 6, 25000, 49999, 0.5875, date('now'));
INSERT INTO pricing_tiers (level, level_id, service_id, volume_start, volume_end, price_per_inquiry, effective_date) VALUES ('group', 5, 6, 50000, NULL, 0.5288, date('now'));
INSERT INTO pricing_tiers (level, level_id, service_id, volume_start, volume_end, price_per_inquiry, effective_date) VALUES ('group', 5, 11, 0, 4999, 0.5224, date('now'));
INSERT INTO pricing_tiers (level, level_id, service_id, volume_start, volume_end, price_per_inquiry, effective_date) VALUES ('group', 5, 11, 5000, 24999, 0.4754, date('now'));
INSERT INTO pricing_tiers (level, level_id, service_id, volume_start, volume_end, price_per_inquiry, effective_date) VALUES ('group', 5, 11, 25000, 99999, 0.4421, date('now'));
INSERT INTO pricing_tiers (level, level_id, service_id, volume_start, volume_end, price_per_inquiry, effective_date) VALUES ('group', 5, 11, 100000, NULL, 0.42, date('now'));
INSERT INTO pricing_tiers (level, level_id, service_id, volume_start, volume_end, price_per_inquiry, effective_date) VALUES ('group', 5, 8, 0, 999, 0.5744, date('now'));
INSERT INTO pricing_tiers (level, level_id, service_id, volume_start, volume_end, price_per_inquiry, effective_date) VALUES ('group', 5, 8, 1000, 4999, 0.5284, date('now'));
INSERT INTO pricing_tiers (level, level_id, service_id, volume_start, volume_end, price_per_inquiry, effective_date) VALUES ('group', 5, 8, 5000, 9999, 0.4544, date('now'));
INSERT INTO pricing_tiers (level, level_id, service_id, volume_start, volume_end, price_per_inquiry, effective_date) VALUES ('group', 5, 8, 10000, NULL, 0.4271, date('now'));
INSERT INTO pricing_tiers (level, level_id, service_id, volume_start, volume_end, price_per_inquiry, effective_date) VALUES ('group', 5, 12, 0, 4999, 0.6438, date('now'));
INSERT INTO pricing_tiers (level, level_id, service_id, volume_start, volume_end, price_per_inquiry, effective_date) VALUES ('group', 5, 12, 5000, 9999, 0.5601, date('now'));
INSERT INTO pricing_tiers (level, level_id, service_id, volume_start, volume_end, price_per_inquiry, effective_date) VALUES ('group', 5, 12, 10000, 24999, 0.4762, date('now'));
INSERT INTO pricing_tiers (level, level_id, service_id, volume_start, volume_end, price_per_inquiry, effective_date) VALUES ('group', 5, 12, 25000, 99999, 0.4524, date('now'));
INSERT INTO pricing_tiers (level, level_id, service_id, volume_start, volume_end, price_per_inquiry, effective_date) VALUES ('group', 5, 12, 100000, NULL, 0.4206, date('now'));
INSERT INTO pricing_tiers (level, level_id, service_id, volume_start, volume_end, price_per_inquiry, effective_date) VALUES ('group', 5, 10, 0, 4999, 0.6064, date('now'));
INSERT INTO pricing_tiers (level, level_id, service_id, volume_start, volume_end, price_per_inquiry, effective_date) VALUES ('group', 5, 10, 5000, 24999, 0.5336, date('now'));
INSERT INTO pricing_tiers (level, level_id, service_id, volume_start, volume_end, price_per_inquiry, effective_date) VALUES ('group', 5, 10, 25000, 99999, 0.4856, date('now'));
INSERT INTO pricing_tiers (level, level_id, service_id, volume_start, volume_end, price_per_inquiry, effective_date) VALUES ('group', 5, 10, 100000, NULL, 0.4419, date('now'));
INSERT INTO pricing_tiers (level, level_id, service_id, volume_start, volume_end, price_per_inquiry, effective_date) VALUES ('group', 5, 4, 0, 999, 0.0752, date('now'));
INSERT INTO pricing_tiers (level, level_id, service_id, volume_start, volume_end, price_per_inquiry, effective_date) VALUES ('group', 5, 4, 1000, 24999, 0.0714, date('now'));
INSERT INTO pricing_tiers (level, level_id, service_id, volume_start, volume_end, price_per_inquiry, effective_date) VALUES ('group', 5, 4, 25000, 99999, 0.0657, date('now'));
INSERT INTO pricing_tiers (level, level_id, service_id, volume_start, volume_end, price_per_inquiry, effective_date) VALUES ('group', 5, 4, 100000, NULL, 0.0572, date('now'));
INSERT INTO pricing_tiers (level, level_id, service_id, volume_start, volume_end, price_per_inquiry, effective_date) VALUES ('group', 6, 9, 0, 999, 0.2468, date('now'));
INSERT INTO pricing_tiers (level, level_id, service_id, volume_start, volume_end, price_per_inquiry, effective_date) VALUES ('group', 6, 9, 1000, 4999, 0.2197, date('now'));
INSERT INTO pricing_tiers (level, level_id, service_id, volume_start, volume_end, price_per_inquiry, effective_date) VALUES ('group', 6, 9, 5000, NULL, 0.1911, date('now'));
INSERT INTO pricing_tiers (level, level_id, service_id, volume_start, volume_end, price_per_inquiry, effective_date) VALUES ('group', 6, 4, 0, 999, 0.0752, date('now'));
INSERT INTO pricing_tiers (level, level_id, service_id, volume_start, volume_end, price_per_inquiry, effective_date) VALUES ('group', 6, 4, 1000, 24999, 0.0714, date('now'));
INSERT INTO pricing_tiers (level, level_id, service_id, volume_start, volume_end, price_per_inquiry, effective_date) VALUES ('group', 6, 4, 25000, 99999, 0.0657, date('now'));
INSERT INTO pricing_tiers (level, level_id, service_id, volume_start, volume_end, price_per_inquiry, effective_date) VALUES ('group', 6, 4, 100000, NULL, 0.0572, date('now'));
INSERT INTO pricing_tiers (level, level_id, service_id, volume_start, volume_end, price_per_inquiry, effective_date) VALUES ('group', 6, 12, 0, 4999, 0.5885, date('now'));
INSERT INTO pricing_tiers (level, level_id, service_id, volume_start, volume_end, price_per_inquiry, effective_date) VALUES ('group', 6, 12, 5000, 9999, 0.512, date('now'));
INSERT INTO pricing_tiers (level, level_id, service_id, volume_start, volume_end, price_per_inquiry, effective_date) VALUES ('group', 6, 12, 10000, 24999, 0.4352, date('now'));
INSERT INTO pricing_tiers (level, level_id, service_id, volume_start, volume_end, price_per_inquiry, effective_date) VALUES ('group', 6, 12, 25000, 99999, 0.4134, date('now'));
INSERT INTO pricing_tiers (level, level_id, service_id, volume_start, volume_end, price_per_inquiry, effective_date) VALUES ('group', 6, 12, 100000, NULL, 0.3845, date('now'));
INSERT INTO pricing_tiers (level, level_id, service_id, volume_start, volume_end, price_per_inquiry, effective_date) VALUES ('group', 6, 2, 0, 24999, 0.707, date('now'));
INSERT INTO pricing_tiers (level, level_id, service_id, volume_start, volume_end, price_per_inquiry, effective_date) VALUES ('group', 6, 2, 25000, 49999, 0.6646, date('now'));
INSERT INTO pricing_tiers (level, level_id, service_id, volume_start, volume_end, price_per_inquiry, effective_date) VALUES ('group', 6, 2, 50000, NULL, 0.5849, date('now'));
INSERT INTO pricing_tiers (level, level_id, service_id, volume_start, volume_end, price_per_inquiry, effective_date) VALUES ('group', 6, 8, 0, 999, 0.5311, date('now'));
INSERT INTO pricing_tiers (level, level_id, service_id, volume_start, volume_end, price_per_inquiry, effective_date) VALUES ('group', 6, 8, 1000, 4999, 0.4887, date('now'));
INSERT INTO pricing_tiers (level, level_id, service_id, volume_start, volume_end, price_per_inquiry, effective_date) VALUES ('group', 6, 8, 5000, 9999, 0.4202, date('now'));
INSERT INTO pricing_tiers (level, level_id, service_id, volume_start, volume_end, price_per_inquiry, effective_date) VALUES ('group', 6, 8, 10000, NULL, 0.395, date('now'));
INSERT INTO pricing_tiers (level, level_id, service_id, volume_start, volume_end, price_per_inquiry, effective_date) VALUES ('group', 6, 3, 0, 9999, 0.1023, date('now'));
INSERT INTO pricing_tiers (level, level_id, service_id, volume_start, volume_end, price_per_inquiry, effective_date) VALUES ('group', 6, 3, 10000, 99999, 0.0942, date('now'));
INSERT INTO pricing_tiers (level, level_id, service_id, volume_start, volume_end, price_per_inquiry, effective_date) VALUES ('group', 6, 3, 100000, NULL, 0.0847, date('now'));
INSERT INTO pricing_tiers (level, level_id, service_id, volume_start, volume_end, price_per_inquiry, effective_date) VALUES ('group', 6, 11, 0, 4999, 0.4542, date('now'));
INSERT INTO pricing_tiers (level, level_id, service_id, volume_start, volume_end, price_per_inquiry, effective_date) VALUES ('group', 6, 11, 5000, 24999, 0.4134, date('now'));
INSERT INTO pricing_tiers (level, level_id, service_id, volume_start, volume_end, price_per_inquiry, effective_date) VALUES ('group', 6, 11, 25000, 99999, 0.3844, date('now'));
INSERT INTO pricing_tiers (level, level_id, service_id, volume_start, volume_end, price_per_inquiry, effective_date) VALUES ('group', 6, 11, 100000, NULL, 0.3652, date('now'));
INSERT INTO pricing_tiers (level, level_id, service_id, volume_start, volume_end, price_per_inquiry, effective_date) VALUES ('group', 7, 5, 0, 4999, 0.1005, date('now'));
INSERT INTO pricing_tiers (level, level_id, service_id, volume_start, volume_end, price_per_inquiry, effective_date) VALUES ('group', 7, 5, 5000, 9999, 0.0914, date('now'));
INSERT INTO pricing_tiers (level, level_id, service_id, volume_start, volume_end, price_per_inquiry, effective_date) VALUES ('group', 7, 5, 10000, 49999, 0.0814, date('now'));
INSERT INTO pricing_tiers (level, level_id, service_id, volume_start, volume_end, price_per_inquiry, effective_date) VALUES ('group', 7, 5, 50000, 99999, 0.0732, date('now'));
INSERT INTO pricing_tiers (level, level_id, service_id, volume_start, volume_end, price_per_inquiry, effective_date) VALUES ('group', 7, 5, 100000, NULL, 0.0681, date('now'));
INSERT INTO pricing_tiers (level, level_id, service_id, volume_start, volume_end, price_per_inquiry, effective_date) VALUES ('group', 7, 9, 0, 999, 0.2607, date('now'));
INSERT INTO pricing_tiers (level, level_id, service_id, volume_start, volume_end, price_per_inquiry, effective_date) VALUES ('group', 7, 9, 1000, 4999, 0.232, date('now'));
INSERT INTO pricing_tiers (level, level_id, service_id, volume_start, volume_end, price_per_inquiry, effective_date) VALUES ('group', 7, 9, 5000, NULL, 0.2018, date('now'));
INSERT INTO pricing_tiers (level, level_id, service_id, volume_start, volume_end, price_per_inquiry, effective_date) VALUES ('group', 7, 7, 0, 9999, 0.3724, date('now'));
INSERT INTO pricing_tiers (level, level_id, service_id, volume_start, volume_end, price_per_inquiry, effective_date) VALUES ('group', 7, 7, 10000, 99999, 0.35, date('now'));
INSERT INTO pricing_tiers (level, level_id, service_id, volume_start, volume_end, price_per_inquiry, effective_date) VALUES ('group', 7, 7, 100000, NULL, 0.3221, date('now'));
INSERT INTO pricing_tiers (level, level_id, service_id, volume_start, volume_end, price_per_inquiry, effective_date) VALUES ('group', 7, 11, 0, 4999, 0.477, date('now'));
INSERT INTO pricing_tiers (level, level_id, service_id, volume_start, volume_end, price_per_inquiry, effective_date) VALUES ('group', 7, 11, 5000, 24999, 0.434, date('now'));
INSERT INTO pricing_tiers (level, level_id, service_id, volume_start, volume_end, price_per_inquiry, effective_date) VALUES ('group', 7, 11, 25000, 99999, 0.4036, date('now'));
INSERT INTO pricing_tiers (level, level_id, service_id, volume_start, volume_end, price_per_inquiry, effective_date) VALUES ('group', 7, 11, 100000, NULL, 0.3835, date('now'));

-- PRICING TIERS (CUSTOMER OVERRIDES)
INSERT INTO pricing_tiers (level, level_id, service_id, volume_start, volume_end, price_per_inquiry, effective_date) VALUES ('customer', 3, 3, 0, 9999, 0.1369, date('now'));
INSERT INTO pricing_tiers (level, level_id, service_id, volume_start, volume_end, price_per_inquiry, effective_date) VALUES ('customer', 3, 3, 10000, 99999, 0.1259, date('now'));
INSERT INTO pricing_tiers (level, level_id, service_id, volume_start, volume_end, price_per_inquiry, effective_date) VALUES ('customer', 3, 3, 100000, NULL, 0.1133, date('now'));
INSERT INTO pricing_tiers (level, level_id, service_id, volume_start, volume_end, price_per_inquiry, effective_date) VALUES ('customer', 3, 5, 0, 4999, 0.1148, date('now'));
INSERT INTO pricing_tiers (level, level_id, service_id, volume_start, volume_end, price_per_inquiry, effective_date) VALUES ('customer', 3, 5, 5000, 9999, 0.1044, date('now'));
INSERT INTO pricing_tiers (level, level_id, service_id, volume_start, volume_end, price_per_inquiry, effective_date) VALUES ('customer', 3, 5, 10000, 49999, 0.093, date('now'));
INSERT INTO pricing_tiers (level, level_id, service_id, volume_start, volume_end, price_per_inquiry, effective_date) VALUES ('customer', 3, 5, 50000, 99999, 0.0837, date('now'));
INSERT INTO pricing_tiers (level, level_id, service_id, volume_start, volume_end, price_per_inquiry, effective_date) VALUES ('customer', 3, 5, 100000, NULL, 0.0779, date('now'));
INSERT INTO pricing_tiers (level, level_id, service_id, volume_start, volume_end, price_per_inquiry, effective_date) VALUES ('customer', 3, 7, 0, 9999, 0.4477, date('now'));
INSERT INTO pricing_tiers (level, level_id, service_id, volume_start, volume_end, price_per_inquiry, effective_date) VALUES ('customer', 3, 7, 10000, 99999, 0.4209, date('now'));
INSERT INTO pricing_tiers (level, level_id, service_id, volume_start, volume_end, price_per_inquiry, effective_date) VALUES ('customer', 3, 7, 100000, NULL, 0.3872, date('now'));
INSERT INTO pricing_tiers (level, level_id, service_id, volume_start, volume_end, price_per_inquiry, effective_date) VALUES ('customer', 5, 5, 0, 4999, 0.1184, date('now'));
INSERT INTO pricing_tiers (level, level_id, service_id, volume_start, volume_end, price_per_inquiry, effective_date) VALUES ('customer', 5, 5, 5000, 9999, 0.1077, date('now'));
INSERT INTO pricing_tiers (level, level_id, service_id, volume_start, volume_end, price_per_inquiry, effective_date) VALUES ('customer', 5, 5, 10000, 49999, 0.0959, date('now'));
INSERT INTO pricing_tiers (level, level_id, service_id, volume_start, volume_end, price_per_inquiry, effective_date) VALUES ('customer', 5, 5, 50000, 99999, 0.0863, date('now'));
INSERT INTO pricing_tiers (level, level_id, service_id, volume_start, volume_end, price_per_inquiry, effective_date) VALUES ('customer', 5, 5, 100000, NULL, 0.0803, date('now'));
INSERT INTO pricing_tiers (level, level_id, service_id, volume_start, volume_end, price_per_inquiry, effective_date) VALUES ('customer', 7, 12, 0, 4999, 0.6023, date('now'));
INSERT INTO pricing_tiers (level, level_id, service_id, volume_start, volume_end, price_per_inquiry, effective_date) VALUES ('customer', 7, 12, 5000, 9999, 0.524, date('now'));
INSERT INTO pricing_tiers (level, level_id, service_id, volume_start, volume_end, price_per_inquiry, effective_date) VALUES ('customer', 7, 12, 10000, 24999, 0.4454, date('now'));
INSERT INTO pricing_tiers (level, level_id, service_id, volume_start, volume_end, price_per_inquiry, effective_date) VALUES ('customer', 7, 12, 25000, 99999, 0.4232, date('now'));
INSERT INTO pricing_tiers (level, level_id, service_id, volume_start, volume_end, price_per_inquiry, effective_date) VALUES ('customer', 7, 12, 100000, NULL, 0.3935, date('now'));
INSERT INTO pricing_tiers (level, level_id, service_id, volume_start, volume_end, price_per_inquiry, effective_date) VALUES ('customer', 7, 7, 0, 9999, 0.461, date('now'));
INSERT INTO pricing_tiers (level, level_id, service_id, volume_start, volume_end, price_per_inquiry, effective_date) VALUES ('customer', 7, 7, 10000, 99999, 0.4334, date('now'));
INSERT INTO pricing_tiers (level, level_id, service_id, volume_start, volume_end, price_per_inquiry, effective_date) VALUES ('customer', 7, 7, 100000, NULL, 0.3987, date('now'));
INSERT INTO pricing_tiers (level, level_id, service_id, volume_start, volume_end, price_per_inquiry, effective_date) VALUES ('customer', 8, 12, 0, 4999, 0.6369, date('now'));
INSERT INTO pricing_tiers (level, level_id, service_id, volume_start, volume_end, price_per_inquiry, effective_date) VALUES ('customer', 8, 12, 5000, 9999, 0.5541, date('now'));
INSERT INTO pricing_tiers (level, level_id, service_id, volume_start, volume_end, price_per_inquiry, effective_date) VALUES ('customer', 8, 12, 10000, 24999, 0.471, date('now'));
INSERT INTO pricing_tiers (level, level_id, service_id, volume_start, volume_end, price_per_inquiry, effective_date) VALUES ('customer', 8, 12, 25000, 99999, 0.4475, date('now'));
INSERT INTO pricing_tiers (level, level_id, service_id, volume_start, volume_end, price_per_inquiry, effective_date) VALUES ('customer', 8, 12, 100000, NULL, 0.4161, date('now'));
INSERT INTO pricing_tiers (level, level_id, service_id, volume_start, volume_end, price_per_inquiry, effective_date) VALUES ('customer', 9, 4, 0, 999, 0.0657, date('now'));
INSERT INTO pricing_tiers (level, level_id, service_id, volume_start, volume_end, price_per_inquiry, effective_date) VALUES ('customer', 9, 4, 1000, 24999, 0.0624, date('now'));
INSERT INTO pricing_tiers (level, level_id, service_id, volume_start, volume_end, price_per_inquiry, effective_date) VALUES ('customer', 9, 4, 25000, 99999, 0.0574, date('now'));
INSERT INTO pricing_tiers (level, level_id, service_id, volume_start, volume_end, price_per_inquiry, effective_date) VALUES ('customer', 9, 4, 100000, NULL, 0.0499, date('now'));
INSERT INTO pricing_tiers (level, level_id, service_id, volume_start, volume_end, price_per_inquiry, effective_date) VALUES ('customer', 11, 11, 0, 4999, 0.6246, date('now'));
INSERT INTO pricing_tiers (level, level_id, service_id, volume_start, volume_end, price_per_inquiry, effective_date) VALUES ('customer', 11, 11, 5000, 24999, 0.5684, date('now'));
INSERT INTO pricing_tiers (level, level_id, service_id, volume_start, volume_end, price_per_inquiry, effective_date) VALUES ('customer', 11, 11, 25000, 99999, 0.5286, date('now'));
INSERT INTO pricing_tiers (level, level_id, service_id, volume_start, volume_end, price_per_inquiry, effective_date) VALUES ('customer', 11, 11, 100000, NULL, 0.5022, date('now'));
INSERT INTO pricing_tiers (level, level_id, service_id, volume_start, volume_end, price_per_inquiry, effective_date) VALUES ('customer', 12, 9, 0, 999, 0.2773, date('now'));
INSERT INTO pricing_tiers (level, level_id, service_id, volume_start, volume_end, price_per_inquiry, effective_date) VALUES ('customer', 12, 9, 1000, 4999, 0.2468, date('now'));
INSERT INTO pricing_tiers (level, level_id, service_id, volume_start, volume_end, price_per_inquiry, effective_date) VALUES ('customer', 12, 9, 5000, NULL, 0.2147, date('now'));
INSERT INTO pricing_tiers (level, level_id, service_id, volume_start, volume_end, price_per_inquiry, effective_date) VALUES ('customer', 14, 11, 0, 4999, 0.5281, date('now'));
INSERT INTO pricing_tiers (level, level_id, service_id, volume_start, volume_end, price_per_inquiry, effective_date) VALUES ('customer', 14, 11, 5000, 24999, 0.4805, date('now'));
INSERT INTO pricing_tiers (level, level_id, service_id, volume_start, volume_end, price_per_inquiry, effective_date) VALUES ('customer', 14, 11, 25000, 99999, 0.4469, date('now'));
INSERT INTO pricing_tiers (level, level_id, service_id, volume_start, volume_end, price_per_inquiry, effective_date) VALUES ('customer', 14, 11, 100000, NULL, 0.4245, date('now'));
INSERT INTO pricing_tiers (level, level_id, service_id, volume_start, volume_end, price_per_inquiry, effective_date) VALUES ('customer', 14, 1, 0, 4999, 0.3678, date('now'));
INSERT INTO pricing_tiers (level, level_id, service_id, volume_start, volume_end, price_per_inquiry, effective_date) VALUES ('customer', 14, 1, 5000, 9999, 0.3383, date('now'));
INSERT INTO pricing_tiers (level, level_id, service_id, volume_start, volume_end, price_per_inquiry, effective_date) VALUES ('customer', 14, 1, 10000, 49999, 0.3113, date('now'));
INSERT INTO pricing_tiers (level, level_id, service_id, volume_start, volume_end, price_per_inquiry, effective_date) VALUES ('customer', 14, 1, 50000, 99999, 0.2894, date('now'));
INSERT INTO pricing_tiers (level, level_id, service_id, volume_start, volume_end, price_per_inquiry, effective_date) VALUES ('customer', 14, 1, 100000, NULL, 0.275, date('now'));
INSERT INTO pricing_tiers (level, level_id, service_id, volume_start, volume_end, price_per_inquiry, effective_date) VALUES ('customer', 16, 10, 0, 4999, 0.6591, date('now'));
INSERT INTO pricing_tiers (level, level_id, service_id, volume_start, volume_end, price_per_inquiry, effective_date) VALUES ('customer', 16, 10, 5000, 24999, 0.58, date('now'));
INSERT INTO pricing_tiers (level, level_id, service_id, volume_start, volume_end, price_per_inquiry, effective_date) VALUES ('customer', 16, 10, 25000, 99999, 0.5278, date('now'));
INSERT INTO pricing_tiers (level, level_id, service_id, volume_start, volume_end, price_per_inquiry, effective_date) VALUES ('customer', 16, 10, 100000, NULL, 0.4803, date('now'));
INSERT INTO pricing_tiers (level, level_id, service_id, volume_start, volume_end, price_per_inquiry, effective_date) VALUES ('customer', 18, 5, 0, 4999, 0.1005, date('now'));
INSERT INTO pricing_tiers (level, level_id, service_id, volume_start, volume_end, price_per_inquiry, effective_date) VALUES ('customer', 18, 5, 5000, 9999, 0.0914, date('now'));
INSERT INTO pricing_tiers (level, level_id, service_id, volume_start, volume_end, price_per_inquiry, effective_date) VALUES ('customer', 18, 5, 10000, 49999, 0.0814, date('now'));
INSERT INTO pricing_tiers (level, level_id, service_id, volume_start, volume_end, price_per_inquiry, effective_date) VALUES ('customer', 18, 5, 50000, 99999, 0.0732, date('now'));
INSERT INTO pricing_tiers (level, level_id, service_id, volume_start, volume_end, price_per_inquiry, effective_date) VALUES ('customer', 18, 5, 100000, NULL, 0.0681, date('now'));
INSERT INTO pricing_tiers (level, level_id, service_id, volume_start, volume_end, price_per_inquiry, effective_date) VALUES ('customer', 18, 1, 0, 4999, 0.3609, date('now'));
INSERT INTO pricing_tiers (level, level_id, service_id, volume_start, volume_end, price_per_inquiry, effective_date) VALUES ('customer', 18, 1, 5000, 9999, 0.332, date('now'));
INSERT INTO pricing_tiers (level, level_id, service_id, volume_start, volume_end, price_per_inquiry, effective_date) VALUES ('customer', 18, 1, 10000, 49999, 0.3054, date('now'));
INSERT INTO pricing_tiers (level, level_id, service_id, volume_start, volume_end, price_per_inquiry, effective_date) VALUES ('customer', 18, 1, 50000, 99999, 0.284, date('now'));
INSERT INTO pricing_tiers (level, level_id, service_id, volume_start, volume_end, price_per_inquiry, effective_date) VALUES ('customer', 18, 1, 100000, NULL, 0.2699, date('now'));
INSERT INTO pricing_tiers (level, level_id, service_id, volume_start, volume_end, price_per_inquiry, effective_date) VALUES ('customer', 18, 3, 0, 9999, 0.1369, date('now'));
INSERT INTO pricing_tiers (level, level_id, service_id, volume_start, volume_end, price_per_inquiry, effective_date) VALUES ('customer', 18, 3, 10000, 99999, 0.1259, date('now'));
INSERT INTO pricing_tiers (level, level_id, service_id, volume_start, volume_end, price_per_inquiry, effective_date) VALUES ('customer', 18, 3, 100000, NULL, 0.1133, date('now'));
INSERT INTO pricing_tiers (level, level_id, service_id, volume_start, volume_end, price_per_inquiry, effective_date) VALUES ('customer', 19, 1, 0, 4999, 0.3574, date('now'));
INSERT INTO pricing_tiers (level, level_id, service_id, volume_start, volume_end, price_per_inquiry, effective_date) VALUES ('customer', 19, 1, 5000, 9999, 0.3288, date('now'));
INSERT INTO pricing_tiers (level, level_id, service_id, volume_start, volume_end, price_per_inquiry, effective_date) VALUES ('customer', 19, 1, 10000, 49999, 0.3025, date('now'));
INSERT INTO pricing_tiers (level, level_id, service_id, volume_start, volume_end, price_per_inquiry, effective_date) VALUES ('customer', 19, 1, 50000, 99999, 0.2813, date('now'));
INSERT INTO pricing_tiers (level, level_id, service_id, volume_start, volume_end, price_per_inquiry, effective_date) VALUES ('customer', 19, 1, 100000, NULL, 0.2673, date('now'));
INSERT INTO pricing_tiers (level, level_id, service_id, volume_start, volume_end, price_per_inquiry, effective_date) VALUES ('customer', 19, 3, 0, 9999, 0.101, date('now'));
INSERT INTO pricing_tiers (level, level_id, service_id, volume_start, volume_end, price_per_inquiry, effective_date) VALUES ('customer', 19, 3, 10000, 99999, 0.093, date('now'));
INSERT INTO pricing_tiers (level, level_id, service_id, volume_start, volume_end, price_per_inquiry, effective_date) VALUES ('customer', 19, 3, 100000, NULL, 0.0837, date('now'));
INSERT INTO pricing_tiers (level, level_id, service_id, volume_start, volume_end, price_per_inquiry, effective_date) VALUES ('customer', 20, 12, 0, 4999, 0.6992, date('now'));
INSERT INTO pricing_tiers (level, level_id, service_id, volume_start, volume_end, price_per_inquiry, effective_date) VALUES ('customer', 20, 12, 5000, 9999, 0.6083, date('now'));
INSERT INTO pricing_tiers (level, level_id, service_id, volume_start, volume_end, price_per_inquiry, effective_date) VALUES ('customer', 20, 12, 10000, 24999, 0.5171, date('now'));
INSERT INTO pricing_tiers (level, level_id, service_id, volume_start, volume_end, price_per_inquiry, effective_date) VALUES ('customer', 20, 12, 25000, 99999, 0.4913, date('now'));
INSERT INTO pricing_tiers (level, level_id, service_id, volume_start, volume_end, price_per_inquiry, effective_date) VALUES ('customer', 20, 12, 100000, NULL, 0.4568, date('now'));
INSERT INTO pricing_tiers (level, level_id, service_id, volume_start, volume_end, price_per_inquiry, effective_date) VALUES ('customer', 21, 6, 0, 24999, 0.6456, date('now'));
INSERT INTO pricing_tiers (level, level_id, service_id, volume_start, volume_end, price_per_inquiry, effective_date) VALUES ('customer', 21, 6, 25000, 49999, 0.5617, date('now'));
INSERT INTO pricing_tiers (level, level_id, service_id, volume_start, volume_end, price_per_inquiry, effective_date) VALUES ('customer', 21, 6, 50000, NULL, 0.5056, date('now'));
INSERT INTO pricing_tiers (level, level_id, service_id, volume_start, volume_end, price_per_inquiry, effective_date) VALUES ('customer', 21, 7, 0, 9999, 0.4167, date('now'));
INSERT INTO pricing_tiers (level, level_id, service_id, volume_start, volume_end, price_per_inquiry, effective_date) VALUES ('customer', 21, 7, 10000, 99999, 0.3917, date('now'));
INSERT INTO pricing_tiers (level, level_id, service_id, volume_start, volume_end, price_per_inquiry, effective_date) VALUES ('customer', 21, 7, 100000, NULL, 0.3604, date('now'));
INSERT INTO pricing_tiers (level, level_id, service_id, volume_start, volume_end, price_per_inquiry, effective_date) VALUES ('customer', 21, 1, 0, 4999, 0.3025, date('now'));
INSERT INTO pricing_tiers (level, level_id, service_id, volume_start, volume_end, price_per_inquiry, effective_date) VALUES ('customer', 21, 1, 5000, 9999, 0.2783, date('now'));
INSERT INTO pricing_tiers (level, level_id, service_id, volume_start, volume_end, price_per_inquiry, effective_date) VALUES ('customer', 21, 1, 10000, 49999, 0.256, date('now'));
INSERT INTO pricing_tiers (level, level_id, service_id, volume_start, volume_end, price_per_inquiry, effective_date) VALUES ('customer', 21, 1, 50000, 99999, 0.238, date('now'));
INSERT INTO pricing_tiers (level, level_id, service_id, volume_start, volume_end, price_per_inquiry, effective_date) VALUES ('customer', 21, 1, 100000, NULL, 0.2262, date('now'));
INSERT INTO pricing_tiers (level, level_id, service_id, volume_start, volume_end, price_per_inquiry, effective_date) VALUES ('customer', 26, 4, 0, 999, 0.076, date('now'));
INSERT INTO pricing_tiers (level, level_id, service_id, volume_start, volume_end, price_per_inquiry, effective_date) VALUES ('customer', 26, 4, 1000, 24999, 0.0722, date('now'));
INSERT INTO pricing_tiers (level, level_id, service_id, volume_start, volume_end, price_per_inquiry, effective_date) VALUES ('customer', 26, 4, 25000, 99999, 0.0664, date('now'));
INSERT INTO pricing_tiers (level, level_id, service_id, volume_start, volume_end, price_per_inquiry, effective_date) VALUES ('customer', 26, 4, 100000, NULL, 0.0578, date('now'));
INSERT INTO pricing_tiers (level, level_id, service_id, volume_start, volume_end, price_per_inquiry, effective_date) VALUES ('customer', 26, 8, 0, 999, 0.4694, date('now'));
INSERT INTO pricing_tiers (level, level_id, service_id, volume_start, volume_end, price_per_inquiry, effective_date) VALUES ('customer', 26, 8, 1000, 4999, 0.4318, date('now'));
INSERT INTO pricing_tiers (level, level_id, service_id, volume_start, volume_end, price_per_inquiry, effective_date) VALUES ('customer', 26, 8, 5000, 9999, 0.3713, date('now'));
INSERT INTO pricing_tiers (level, level_id, service_id, volume_start, volume_end, price_per_inquiry, effective_date) VALUES ('customer', 26, 8, 10000, NULL, 0.3491, date('now'));
INSERT INTO pricing_tiers (level, level_id, service_id, volume_start, volume_end, price_per_inquiry, effective_date) VALUES ('customer', 26, 7, 0, 9999, 0.3546, date('now'));
INSERT INTO pricing_tiers (level, level_id, service_id, volume_start, volume_end, price_per_inquiry, effective_date) VALUES ('customer', 26, 7, 10000, 99999, 0.3334, date('now'));
INSERT INTO pricing_tiers (level, level_id, service_id, volume_start, volume_end, price_per_inquiry, effective_date) VALUES ('customer', 26, 7, 100000, NULL, 0.3067, date('now'));
INSERT INTO pricing_tiers (level, level_id, service_id, volume_start, volume_end, price_per_inquiry, effective_date) VALUES ('customer', 28, 6, 0, 24999, 0.6902, date('now'));
INSERT INTO pricing_tiers (level, level_id, service_id, volume_start, volume_end, price_per_inquiry, effective_date) VALUES ('customer', 28, 6, 25000, 49999, 0.6004, date('now'));
INSERT INTO pricing_tiers (level, level_id, service_id, volume_start, volume_end, price_per_inquiry, effective_date) VALUES ('customer', 28, 6, 50000, NULL, 0.5404, date('now'));
INSERT INTO pricing_tiers (level, level_id, service_id, volume_start, volume_end, price_per_inquiry, effective_date) VALUES ('customer', 28, 2, 0, 24999, 0.7154, date('now'));
INSERT INTO pricing_tiers (level, level_id, service_id, volume_start, volume_end, price_per_inquiry, effective_date) VALUES ('customer', 28, 2, 25000, 49999, 0.6725, date('now'));
INSERT INTO pricing_tiers (level, level_id, service_id, volume_start, volume_end, price_per_inquiry, effective_date) VALUES ('customer', 28, 2, 50000, NULL, 0.5919, date('now'));
INSERT INTO pricing_tiers (level, level_id, service_id, volume_start, volume_end, price_per_inquiry, effective_date) VALUES ('customer', 48, 2, 0, 24999, 0.8164, date('now'));
INSERT INTO pricing_tiers (level, level_id, service_id, volume_start, volume_end, price_per_inquiry, effective_date) VALUES ('customer', 48, 2, 25000, 49999, 0.7675, date('now'));
INSERT INTO pricing_tiers (level, level_id, service_id, volume_start, volume_end, price_per_inquiry, effective_date) VALUES ('customer', 48, 2, 50000, NULL, 0.6754, date('now'));
INSERT INTO pricing_tiers (level, level_id, service_id, volume_start, volume_end, price_per_inquiry, effective_date) VALUES ('customer', 52, 7, 0, 9999, 0.4788, date('now'));
INSERT INTO pricing_tiers (level, level_id, service_id, volume_start, volume_end, price_per_inquiry, effective_date) VALUES ('customer', 52, 7, 10000, 99999, 0.45, date('now'));
INSERT INTO pricing_tiers (level, level_id, service_id, volume_start, volume_end, price_per_inquiry, effective_date) VALUES ('customer', 52, 7, 100000, NULL, 0.4141, date('now'));
INSERT INTO pricing_tiers (level, level_id, service_id, volume_start, volume_end, price_per_inquiry, effective_date) VALUES ('customer', 52, 6, 0, 24999, 0.6011, date('now'));
INSERT INTO pricing_tiers (level, level_id, service_id, volume_start, volume_end, price_per_inquiry, effective_date) VALUES ('customer', 52, 6, 25000, 49999, 0.5229, date('now'));
INSERT INTO pricing_tiers (level, level_id, service_id, volume_start, volume_end, price_per_inquiry, effective_date) VALUES ('customer', 52, 6, 50000, NULL, 0.4707, date('now'));
INSERT INTO pricing_tiers (level, level_id, service_id, volume_start, volume_end, price_per_inquiry, effective_date) VALUES ('customer', 52, 4, 0, 999, 0.0683, date('now'));
INSERT INTO pricing_tiers (level, level_id, service_id, volume_start, volume_end, price_per_inquiry, effective_date) VALUES ('customer', 52, 4, 1000, 24999, 0.0649, date('now'));
INSERT INTO pricing_tiers (level, level_id, service_id, volume_start, volume_end, price_per_inquiry, effective_date) VALUES ('customer', 52, 4, 25000, 99999, 0.0596, date('now'));
INSERT INTO pricing_tiers (level, level_id, service_id, volume_start, volume_end, price_per_inquiry, effective_date) VALUES ('customer', 52, 4, 100000, NULL, 0.0519, date('now'));
INSERT INTO pricing_tiers (level, level_id, service_id, volume_start, volume_end, price_per_inquiry, effective_date) VALUES ('customer', 53, 4, 0, 999, 0.0838, date('now'));
INSERT INTO pricing_tiers (level, level_id, service_id, volume_start, volume_end, price_per_inquiry, effective_date) VALUES ('customer', 53, 4, 1000, 24999, 0.0796, date('now'));
INSERT INTO pricing_tiers (level, level_id, service_id, volume_start, volume_end, price_per_inquiry, effective_date) VALUES ('customer', 53, 4, 25000, 99999, 0.0732, date('now'));
INSERT INTO pricing_tiers (level, level_id, service_id, volume_start, volume_end, price_per_inquiry, effective_date) VALUES ('customer', 53, 4, 100000, NULL, 0.0637, date('now'));
INSERT INTO pricing_tiers (level, level_id, service_id, volume_start, volume_end, price_per_inquiry, effective_date) VALUES ('customer', 53, 2, 0, 24999, 0.867, date('now'));
INSERT INTO pricing_tiers (level, level_id, service_id, volume_start, volume_end, price_per_inquiry, effective_date) VALUES ('customer', 53, 2, 25000, 49999, 0.8149, date('now'));
INSERT INTO pricing_tiers (level, level_id, service_id, volume_start, volume_end, price_per_inquiry, effective_date) VALUES ('customer', 53, 2, 50000, NULL, 0.7172, date('now'));
INSERT INTO pricing_tiers (level, level_id, service_id, volume_start, volume_end, price_per_inquiry, effective_date) VALUES ('customer', 58, 4, 0, 999, 0.0708, date('now'));
INSERT INTO pricing_tiers (level, level_id, service_id, volume_start, volume_end, price_per_inquiry, effective_date) VALUES ('customer', 58, 4, 1000, 24999, 0.0673, date('now'));
INSERT INTO pricing_tiers (level, level_id, service_id, volume_start, volume_end, price_per_inquiry, effective_date) VALUES ('customer', 58, 4, 25000, 99999, 0.0619, date('now'));
INSERT INTO pricing_tiers (level, level_id, service_id, volume_start, volume_end, price_per_inquiry, effective_date) VALUES ('customer', 58, 4, 100000, NULL, 0.0539, date('now'));
INSERT INTO pricing_tiers (level, level_id, service_id, volume_start, volume_end, price_per_inquiry, effective_date) VALUES ('customer', 58, 9, 0, 999, 0.2773, date('now'));
INSERT INTO pricing_tiers (level, level_id, service_id, volume_start, volume_end, price_per_inquiry, effective_date) VALUES ('customer', 58, 9, 1000, 4999, 0.2468, date('now'));
INSERT INTO pricing_tiers (level, level_id, service_id, volume_start, volume_end, price_per_inquiry, effective_date) VALUES ('customer', 58, 9, 5000, NULL, 0.2147, date('now'));
INSERT INTO pricing_tiers (level, level_id, service_id, volume_start, volume_end, price_per_inquiry, effective_date) VALUES ('customer', 58, 3, 0, 9999, 0.1305, date('now'));
INSERT INTO pricing_tiers (level, level_id, service_id, volume_start, volume_end, price_per_inquiry, effective_date) VALUES ('customer', 58, 3, 10000, 99999, 0.1201, date('now'));
INSERT INTO pricing_tiers (level, level_id, service_id, volume_start, volume_end, price_per_inquiry, effective_date) VALUES ('customer', 58, 3, 100000, NULL, 0.108, date('now'));
INSERT INTO pricing_tiers (level, level_id, service_id, volume_start, volume_end, price_per_inquiry, effective_date) VALUES ('customer', 64, 11, 0, 4999, 0.4599, date('now'));
INSERT INTO pricing_tiers (level, level_id, service_id, volume_start, volume_end, price_per_inquiry, effective_date) VALUES ('customer', 64, 11, 5000, 24999, 0.4185, date('now'));
INSERT INTO pricing_tiers (level, level_id, service_id, volume_start, volume_end, price_per_inquiry, effective_date) VALUES ('customer', 64, 11, 25000, 99999, 0.3892, date('now'));
INSERT INTO pricing_tiers (level, level_id, service_id, volume_start, volume_end, price_per_inquiry, effective_date) VALUES ('customer', 64, 11, 100000, NULL, 0.3698, date('now'));
INSERT INTO pricing_tiers (level, level_id, service_id, volume_start, volume_end, price_per_inquiry, effective_date) VALUES ('customer', 69, 11, 0, 4999, 0.4997, date('now'));
INSERT INTO pricing_tiers (level, level_id, service_id, volume_start, volume_end, price_per_inquiry, effective_date) VALUES ('customer', 69, 11, 5000, 24999, 0.4547, date('now'));
INSERT INTO pricing_tiers (level, level_id, service_id, volume_start, volume_end, price_per_inquiry, effective_date) VALUES ('customer', 69, 11, 25000, 99999, 0.4228, date('now'));
INSERT INTO pricing_tiers (level, level_id, service_id, volume_start, volume_end, price_per_inquiry, effective_date) VALUES ('customer', 69, 11, 100000, NULL, 0.4017, date('now'));
INSERT INTO pricing_tiers (level, level_id, service_id, volume_start, volume_end, price_per_inquiry, effective_date) VALUES ('customer', 69, 2, 0, 24999, 0.8249, date('now'));
INSERT INTO pricing_tiers (level, level_id, service_id, volume_start, volume_end, price_per_inquiry, effective_date) VALUES ('customer', 69, 2, 25000, 49999, 0.7754, date('now'));
INSERT INTO pricing_tiers (level, level_id, service_id, volume_start, volume_end, price_per_inquiry, effective_date) VALUES ('customer', 69, 2, 50000, NULL, 0.6824, date('now'));
INSERT INTO pricing_tiers (level, level_id, service_id, volume_start, volume_end, price_per_inquiry, effective_date) VALUES ('customer', 69, 6, 0, 24999, 0.7866, date('now'));
INSERT INTO pricing_tiers (level, level_id, service_id, volume_start, volume_end, price_per_inquiry, effective_date) VALUES ('customer', 69, 6, 25000, 49999, 0.6843, date('now'));
INSERT INTO pricing_tiers (level, level_id, service_id, volume_start, volume_end, price_per_inquiry, effective_date) VALUES ('customer', 69, 6, 50000, NULL, 0.616, date('now'));
INSERT INTO pricing_tiers (level, level_id, service_id, volume_start, volume_end, price_per_inquiry, effective_date) VALUES ('customer', 71, 3, 0, 9999, 0.1087, date('now'));
INSERT INTO pricing_tiers (level, level_id, service_id, volume_start, volume_end, price_per_inquiry, effective_date) VALUES ('customer', 71, 3, 10000, 99999, 0.1, date('now'));
INSERT INTO pricing_tiers (level, level_id, service_id, volume_start, volume_end, price_per_inquiry, effective_date) VALUES ('customer', 71, 3, 100000, NULL, 0.09, date('now'));
INSERT INTO pricing_tiers (level, level_id, service_id, volume_start, volume_end, price_per_inquiry, effective_date) VALUES ('customer', 71, 10, 0, 4999, 0.725, date('now'));
INSERT INTO pricing_tiers (level, level_id, service_id, volume_start, volume_end, price_per_inquiry, effective_date) VALUES ('customer', 71, 10, 5000, 24999, 0.638, date('now'));
INSERT INTO pricing_tiers (level, level_id, service_id, volume_start, volume_end, price_per_inquiry, effective_date) VALUES ('customer', 71, 10, 25000, 99999, 0.5806, date('now'));
INSERT INTO pricing_tiers (level, level_id, service_id, volume_start, volume_end, price_per_inquiry, effective_date) VALUES ('customer', 71, 10, 100000, NULL, 0.5283, date('now'));
INSERT INTO pricing_tiers (level, level_id, service_id, volume_start, volume_end, price_per_inquiry, effective_date) VALUES ('customer', 71, 5, 0, 4999, 0.1244, date('now'));
INSERT INTO pricing_tiers (level, level_id, service_id, volume_start, volume_end, price_per_inquiry, effective_date) VALUES ('customer', 71, 5, 5000, 9999, 0.1132, date('now'));
INSERT INTO pricing_tiers (level, level_id, service_id, volume_start, volume_end, price_per_inquiry, effective_date) VALUES ('customer', 71, 5, 10000, 49999, 0.1008, date('now'));
INSERT INTO pricing_tiers (level, level_id, service_id, volume_start, volume_end, price_per_inquiry, effective_date) VALUES ('customer', 71, 5, 50000, 99999, 0.0907, date('now'));
INSERT INTO pricing_tiers (level, level_id, service_id, volume_start, volume_end, price_per_inquiry, effective_date) VALUES ('customer', 71, 5, 100000, NULL, 0.0843, date('now'));
INSERT INTO pricing_tiers (level, level_id, service_id, volume_start, volume_end, price_per_inquiry, effective_date) VALUES ('customer', 75, 5, 0, 4999, 0.1196, date('now'));
INSERT INTO pricing_tiers (level, level_id, service_id, volume_start, volume_end, price_per_inquiry, effective_date) VALUES ('customer', 75, 5, 5000, 9999, 0.1088, date('now'));
INSERT INTO pricing_tiers (level, level_id, service_id, volume_start, volume_end, price_per_inquiry, effective_date) VALUES ('customer', 75, 5, 10000, 49999, 0.0969, date('now'));
INSERT INTO pricing_tiers (level, level_id, service_id, volume_start, volume_end, price_per_inquiry, effective_date) VALUES ('customer', 75, 5, 50000, 99999, 0.0872, date('now'));
INSERT INTO pricing_tiers (level, level_id, service_id, volume_start, volume_end, price_per_inquiry, effective_date) VALUES ('customer', 75, 5, 100000, NULL, 0.0811, date('now'));
INSERT INTO pricing_tiers (level, level_id, service_id, volume_start, volume_end, price_per_inquiry, effective_date) VALUES ('customer', 75, 9, 0, 999, 0.2662, date('now'));
INSERT INTO pricing_tiers (level, level_id, service_id, volume_start, volume_end, price_per_inquiry, effective_date) VALUES ('customer', 75, 9, 1000, 4999, 0.2369, date('now'));
INSERT INTO pricing_tiers (level, level_id, service_id, volume_start, volume_end, price_per_inquiry, effective_date) VALUES ('customer', 75, 9, 5000, NULL, 0.2061, date('now'));
INSERT INTO pricing_tiers (level, level_id, service_id, volume_start, volume_end, price_per_inquiry, effective_date) VALUES ('customer', 76, 8, 0, 999, 0.6052, date('now'));
INSERT INTO pricing_tiers (level, level_id, service_id, volume_start, volume_end, price_per_inquiry, effective_date) VALUES ('customer', 76, 8, 1000, 4999, 0.5568, date('now'));
INSERT INTO pricing_tiers (level, level_id, service_id, volume_start, volume_end, price_per_inquiry, effective_date) VALUES ('customer', 76, 8, 5000, 9999, 0.4788, date('now'));
INSERT INTO pricing_tiers (level, level_id, service_id, volume_start, volume_end, price_per_inquiry, effective_date) VALUES ('customer', 76, 8, 10000, NULL, 0.4501, date('now'));
INSERT INTO pricing_tiers (level, level_id, service_id, volume_start, volume_end, price_per_inquiry, effective_date) VALUES ('customer', 76, 7, 0, 9999, 0.3901, date('now'));
INSERT INTO pricing_tiers (level, level_id, service_id, volume_start, volume_end, price_per_inquiry, effective_date) VALUES ('customer', 76, 7, 10000, 99999, 0.3667, date('now'));
INSERT INTO pricing_tiers (level, level_id, service_id, volume_start, volume_end, price_per_inquiry, effective_date) VALUES ('customer', 76, 7, 100000, NULL, 0.3374, date('now'));
INSERT INTO pricing_tiers (level, level_id, service_id, volume_start, volume_end, price_per_inquiry, effective_date) VALUES ('customer', 82, 12, 0, 4999, 0.72, date('now'));
INSERT INTO pricing_tiers (level, level_id, service_id, volume_start, volume_end, price_per_inquiry, effective_date) VALUES ('customer', 82, 12, 5000, 9999, 0.6264, date('now'));
INSERT INTO pricing_tiers (level, level_id, service_id, volume_start, volume_end, price_per_inquiry, effective_date) VALUES ('customer', 82, 12, 10000, 24999, 0.5325, date('now'));
INSERT INTO pricing_tiers (level, level_id, service_id, volume_start, volume_end, price_per_inquiry, effective_date) VALUES ('customer', 82, 12, 25000, 99999, 0.5059, date('now'));
INSERT INTO pricing_tiers (level, level_id, service_id, volume_start, volume_end, price_per_inquiry, effective_date) VALUES ('customer', 82, 12, 100000, NULL, 0.4704, date('now'));
INSERT INTO pricing_tiers (level, level_id, service_id, volume_start, volume_end, price_per_inquiry, effective_date) VALUES ('customer', 84, 2, 0, 24999, 0.6649, date('now'));
INSERT INTO pricing_tiers (level, level_id, service_id, volume_start, volume_end, price_per_inquiry, effective_date) VALUES ('customer', 84, 2, 25000, 49999, 0.625, date('now'));
INSERT INTO pricing_tiers (level, level_id, service_id, volume_start, volume_end, price_per_inquiry, effective_date) VALUES ('customer', 84, 2, 50000, NULL, 0.5501, date('now'));
INSERT INTO pricing_tiers (level, level_id, service_id, volume_start, volume_end, price_per_inquiry, effective_date) VALUES ('customer', 84, 5, 0, 4999, 0.11, date('now'));
INSERT INTO pricing_tiers (level, level_id, service_id, volume_start, volume_end, price_per_inquiry, effective_date) VALUES ('customer', 84, 5, 5000, 9999, 0.1001, date('now'));
INSERT INTO pricing_tiers (level, level_id, service_id, volume_start, volume_end, price_per_inquiry, effective_date) VALUES ('customer', 84, 5, 10000, 49999, 0.0891, date('now'));
INSERT INTO pricing_tiers (level, level_id, service_id, volume_start, volume_end, price_per_inquiry, effective_date) VALUES ('customer', 84, 5, 50000, 99999, 0.0802, date('now'));
INSERT INTO pricing_tiers (level, level_id, service_id, volume_start, volume_end, price_per_inquiry, effective_date) VALUES ('customer', 84, 5, 100000, NULL, 0.0746, date('now'));
INSERT INTO pricing_tiers (level, level_id, service_id, volume_start, volume_end, price_per_inquiry, effective_date) VALUES ('customer', 84, 10, 0, 4999, 0.725, date('now'));
INSERT INTO pricing_tiers (level, level_id, service_id, volume_start, volume_end, price_per_inquiry, effective_date) VALUES ('customer', 84, 10, 5000, 24999, 0.638, date('now'));
INSERT INTO pricing_tiers (level, level_id, service_id, volume_start, volume_end, price_per_inquiry, effective_date) VALUES ('customer', 84, 10, 25000, 99999, 0.5806, date('now'));
INSERT INTO pricing_tiers (level, level_id, service_id, volume_start, volume_end, price_per_inquiry, effective_date) VALUES ('customer', 84, 10, 100000, NULL, 0.5283, date('now'));
INSERT INTO pricing_tiers (level, level_id, service_id, volume_start, volume_end, price_per_inquiry, effective_date) VALUES ('customer', 91, 4, 0, 999, 0.0786, date('now'));
INSERT INTO pricing_tiers (level, level_id, service_id, volume_start, volume_end, price_per_inquiry, effective_date) VALUES ('customer', 91, 4, 1000, 24999, 0.0747, date('now'));
INSERT INTO pricing_tiers (level, level_id, service_id, volume_start, volume_end, price_per_inquiry, effective_date) VALUES ('customer', 91, 4, 25000, 99999, 0.0687, date('now'));
INSERT INTO pricing_tiers (level, level_id, service_id, volume_start, volume_end, price_per_inquiry, effective_date) VALUES ('customer', 91, 4, 100000, NULL, 0.0598, date('now'));
INSERT INTO pricing_tiers (level, level_id, service_id, volume_start, volume_end, price_per_inquiry, effective_date) VALUES ('customer', 91, 8, 0, 999, 0.5744, date('now'));
INSERT INTO pricing_tiers (level, level_id, service_id, volume_start, volume_end, price_per_inquiry, effective_date) VALUES ('customer', 91, 8, 1000, 4999, 0.5284, date('now'));
INSERT INTO pricing_tiers (level, level_id, service_id, volume_start, volume_end, price_per_inquiry, effective_date) VALUES ('customer', 91, 8, 5000, 9999, 0.4544, date('now'));
INSERT INTO pricing_tiers (level, level_id, service_id, volume_start, volume_end, price_per_inquiry, effective_date) VALUES ('customer', 91, 8, 10000, NULL, 0.4271, date('now'));
INSERT INTO pricing_tiers (level, level_id, service_id, volume_start, volume_end, price_per_inquiry, effective_date) VALUES ('customer', 91, 11, 0, 4999, 0.5962, date('now'));
INSERT INTO pricing_tiers (level, level_id, service_id, volume_start, volume_end, price_per_inquiry, effective_date) VALUES ('customer', 91, 11, 5000, 24999, 0.5425, date('now'));
INSERT INTO pricing_tiers (level, level_id, service_id, volume_start, volume_end, price_per_inquiry, effective_date) VALUES ('customer', 91, 11, 25000, 99999, 0.5045, date('now'));
INSERT INTO pricing_tiers (level, level_id, service_id, volume_start, volume_end, price_per_inquiry, effective_date) VALUES ('customer', 91, 11, 100000, NULL, 0.4793, date('now'));
INSERT INTO pricing_tiers (level, level_id, service_id, volume_start, volume_end, price_per_inquiry, effective_date) VALUES ('customer', 92, 3, 0, 9999, 0.1279, date('now'));
INSERT INTO pricing_tiers (level, level_id, service_id, volume_start, volume_end, price_per_inquiry, effective_date) VALUES ('customer', 92, 3, 10000, 99999, 0.1177, date('now'));
INSERT INTO pricing_tiers (level, level_id, service_id, volume_start, volume_end, price_per_inquiry, effective_date) VALUES ('customer', 92, 3, 100000, NULL, 0.1059, date('now'));
INSERT INTO pricing_tiers (level, level_id, service_id, volume_start, volume_end, price_per_inquiry, effective_date) VALUES ('customer', 92, 8, 0, 999, 0.5805, date('now'));
INSERT INTO pricing_tiers (level, level_id, service_id, volume_start, volume_end, price_per_inquiry, effective_date) VALUES ('customer', 92, 8, 1000, 4999, 0.5341, date('now'));
INSERT INTO pricing_tiers (level, level_id, service_id, volume_start, volume_end, price_per_inquiry, effective_date) VALUES ('customer', 92, 8, 5000, 9999, 0.4593, date('now'));
INSERT INTO pricing_tiers (level, level_id, service_id, volume_start, volume_end, price_per_inquiry, effective_date) VALUES ('customer', 92, 8, 10000, NULL, 0.4317, date('now'));
INSERT INTO pricing_tiers (level, level_id, service_id, volume_start, volume_end, price_per_inquiry, effective_date) VALUES ('customer', 92, 10, 0, 4999, 0.613, date('now'));
INSERT INTO pricing_tiers (level, level_id, service_id, volume_start, volume_end, price_per_inquiry, effective_date) VALUES ('customer', 92, 10, 5000, 24999, 0.5394, date('now'));
INSERT INTO pricing_tiers (level, level_id, service_id, volume_start, volume_end, price_per_inquiry, effective_date) VALUES ('customer', 92, 10, 25000, 99999, 0.4909, date('now'));
INSERT INTO pricing_tiers (level, level_id, service_id, volume_start, volume_end, price_per_inquiry, effective_date) VALUES ('customer', 92, 10, 100000, NULL, 0.4467, date('now'));
INSERT INTO pricing_tiers (level, level_id, service_id, volume_start, volume_end, price_per_inquiry, effective_date) VALUES ('customer', 94, 6, 0, 24999, 0.6753, date('now'));
INSERT INTO pricing_tiers (level, level_id, service_id, volume_start, volume_end, price_per_inquiry, effective_date) VALUES ('customer', 94, 6, 25000, 49999, 0.5875, date('now'));
INSERT INTO pricing_tiers (level, level_id, service_id, volume_start, volume_end, price_per_inquiry, effective_date) VALUES ('customer', 94, 6, 50000, NULL, 0.5288, date('now'));
INSERT INTO pricing_tiers (level, level_id, service_id, volume_start, volume_end, price_per_inquiry, effective_date) VALUES ('customer', 94, 12, 0, 4999, 0.5954, date('now'));
INSERT INTO pricing_tiers (level, level_id, service_id, volume_start, volume_end, price_per_inquiry, effective_date) VALUES ('customer', 94, 12, 5000, 9999, 0.518, date('now'));
INSERT INTO pricing_tiers (level, level_id, service_id, volume_start, volume_end, price_per_inquiry, effective_date) VALUES ('customer', 94, 12, 10000, 24999, 0.4403, date('now'));
INSERT INTO pricing_tiers (level, level_id, service_id, volume_start, volume_end, price_per_inquiry, effective_date) VALUES ('customer', 94, 12, 25000, 99999, 0.4183, date('now'));
INSERT INTO pricing_tiers (level, level_id, service_id, volume_start, volume_end, price_per_inquiry, effective_date) VALUES ('customer', 94, 12, 100000, NULL, 0.389, date('now'));

-- CUSTOMER SETTINGS
INSERT INTO customer_settings (customer_id, monthly_minimum, uses_annualized, annualized_start_date, look_period_months, effective_date) VALUES (4, NULL, 1, '2022-12-18', 6, date('now'));
INSERT INTO customer_settings (customer_id, monthly_minimum, uses_annualized, annualized_start_date, look_period_months, effective_date) VALUES (5, 772.5, 0, NULL, NULL, date('now'));
INSERT INTO customer_settings (customer_id, monthly_minimum, uses_annualized, annualized_start_date, look_period_months, effective_date) VALUES (7, NULL, 1, '2018-01-11', 6, date('now'));
INSERT INTO customer_settings (customer_id, monthly_minimum, uses_annualized, annualized_start_date, look_period_months, effective_date) VALUES (8, 3195, 1, '2018-12-11', 6, date('now'));
INSERT INTO customer_settings (customer_id, monthly_minimum, uses_annualized, annualized_start_date, look_period_months, effective_date) VALUES (9, 1342.5, 1, '2019-09-22', 6, date('now'));
INSERT INTO customer_settings (customer_id, monthly_minimum, uses_annualized, annualized_start_date, look_period_months, effective_date) VALUES (10, 1390, 0, NULL, NULL, date('now'));
INSERT INTO customer_settings (customer_id, monthly_minimum, uses_annualized, annualized_start_date, look_period_months, effective_date) VALUES (11, NULL, 1, '2022-05-18', 6, date('now'));
INSERT INTO customer_settings (customer_id, monthly_minimum, uses_annualized, annualized_start_date, look_period_months, effective_date) VALUES (12, 4525, 0, NULL, NULL, date('now'));
INSERT INTO customer_settings (customer_id, monthly_minimum, uses_annualized, annualized_start_date, look_period_months, effective_date) VALUES (14, NULL, 1, '2024-01-25', 6, date('now'));
INSERT INTO customer_settings (customer_id, monthly_minimum, uses_annualized, annualized_start_date, look_period_months, effective_date) VALUES (15, NULL, 1, '2025-07-13', 3, date('now'));
INSERT INTO customer_settings (customer_id, monthly_minimum, uses_annualized, annualized_start_date, look_period_months, effective_date) VALUES (16, 4525, 0, NULL, NULL, date('now'));
INSERT INTO customer_settings (customer_id, monthly_minimum, uses_annualized, annualized_start_date, look_period_months, effective_date) VALUES (17, 4240, 0, NULL, NULL, date('now'));
INSERT INTO customer_settings (customer_id, monthly_minimum, uses_annualized, annualized_start_date, look_period_months, effective_date) VALUES (18, 535, 0, NULL, NULL, date('now'));
INSERT INTO customer_settings (customer_id, monthly_minimum, uses_annualized, annualized_start_date, look_period_months, effective_date) VALUES (20, NULL, 1, '2025-08-20', 6, date('now'));
INSERT INTO customer_settings (customer_id, monthly_minimum, uses_annualized, annualized_start_date, look_period_months, effective_date) VALUES (21, 1390, 0, NULL, NULL, date('now'));
INSERT INTO customer_settings (customer_id, monthly_minimum, uses_annualized, annualized_start_date, look_period_months, effective_date) VALUES (22, 392.5, 0, NULL, NULL, date('now'));
INSERT INTO customer_settings (customer_id, monthly_minimum, uses_annualized, annualized_start_date, look_period_months, effective_date) VALUES (24, 3575, 0, NULL, NULL, date('now'));
INSERT INTO customer_settings (customer_id, monthly_minimum, uses_annualized, annualized_start_date, look_period_months, effective_date) VALUES (27, 4525, 0, NULL, NULL, date('now'));
INSERT INTO customer_settings (customer_id, monthly_minimum, uses_annualized, annualized_start_date, look_period_months, effective_date) VALUES (32, 1295, 0, NULL, NULL, date('now'));
INSERT INTO customer_settings (customer_id, monthly_minimum, uses_annualized, annualized_start_date, look_period_months, effective_date) VALUES (33, 440, 0, NULL, NULL, date('now'));
INSERT INTO customer_settings (customer_id, monthly_minimum, uses_annualized, annualized_start_date, look_period_months, effective_date) VALUES (35, NULL, 1, '2024-08-19', 3, date('now'));
INSERT INTO customer_settings (customer_id, monthly_minimum, uses_annualized, annualized_start_date, look_period_months, effective_date) VALUES (37, NULL, 1, '2019-06-13', 3, date('now'));
INSERT INTO customer_settings (customer_id, monthly_minimum, uses_annualized, annualized_start_date, look_period_months, effective_date) VALUES (39, 1580, 0, NULL, NULL, date('now'));
INSERT INTO customer_settings (customer_id, monthly_minimum, uses_annualized, annualized_start_date, look_period_months, effective_date) VALUES (40, 3432.5, 0, NULL, NULL, date('now'));
INSERT INTO customer_settings (customer_id, monthly_minimum, uses_annualized, annualized_start_date, look_period_months, effective_date) VALUES (43, 1390, 0, NULL, NULL, date('now'));
INSERT INTO customer_settings (customer_id, monthly_minimum, uses_annualized, annualized_start_date, look_period_months, effective_date) VALUES (45, 2482.5, 0, NULL, NULL, date('now'));
INSERT INTO customer_settings (customer_id, monthly_minimum, uses_annualized, annualized_start_date, look_period_months, effective_date) VALUES (50, 4335, 1, '2023-08-11', 3, date('now'));
INSERT INTO customer_settings (customer_id, monthly_minimum, uses_annualized, annualized_start_date, look_period_months, effective_date) VALUES (53, 3765, 0, NULL, NULL, date('now'));
INSERT INTO customer_settings (customer_id, monthly_minimum, uses_annualized, annualized_start_date, look_period_months, effective_date) VALUES (56, NULL, 1, '2021-04-03', 6, date('now'));
INSERT INTO customer_settings (customer_id, monthly_minimum, uses_annualized, annualized_start_date, look_period_months, effective_date) VALUES (57, 2815, 0, NULL, NULL, date('now'));
INSERT INTO customer_settings (customer_id, monthly_minimum, uses_annualized, annualized_start_date, look_period_months, effective_date) VALUES (58, NULL, 1, '2018-06-28', 3, date('now'));
INSERT INTO customer_settings (customer_id, monthly_minimum, uses_annualized, annualized_start_date, look_period_months, effective_date) VALUES (60, NULL, 1, '2021-10-04', 6, date('now'));
INSERT INTO customer_settings (customer_id, monthly_minimum, uses_annualized, annualized_start_date, look_period_months, effective_date) VALUES (63, 2245, 1, '2020-03-20', 3, date('now'));
INSERT INTO customer_settings (customer_id, monthly_minimum, uses_annualized, annualized_start_date, look_period_months, effective_date) VALUES (66, 2150, 0, NULL, NULL, date('now'));
INSERT INTO customer_settings (customer_id, monthly_minimum, uses_annualized, annualized_start_date, look_period_months, effective_date) VALUES (69, 2767.5, 0, NULL, NULL, date('now'));
INSERT INTO customer_settings (customer_id, monthly_minimum, uses_annualized, annualized_start_date, look_period_months, effective_date) VALUES (70, NULL, 1, '2020-11-08', 6, date('now'));
INSERT INTO customer_settings (customer_id, monthly_minimum, uses_annualized, annualized_start_date, look_period_months, effective_date) VALUES (71, 4810, 0, NULL, NULL, date('now'));
INSERT INTO customer_settings (customer_id, monthly_minimum, uses_annualized, annualized_start_date, look_period_months, effective_date) VALUES (76, 4857.5, 0, NULL, NULL, date('now'));
INSERT INTO customer_settings (customer_id, monthly_minimum, uses_annualized, annualized_start_date, look_period_months, effective_date) VALUES (77, 250, 0, NULL, NULL, date('now'));
INSERT INTO customer_settings (customer_id, monthly_minimum, uses_annualized, annualized_start_date, look_period_months, effective_date) VALUES (78, NULL, 1, '2019-11-19', 6, date('now'));
INSERT INTO customer_settings (customer_id, monthly_minimum, uses_annualized, annualized_start_date, look_period_months, effective_date) VALUES (79, 2625, 0, NULL, NULL, date('now'));
INSERT INTO customer_settings (customer_id, monthly_minimum, uses_annualized, annualized_start_date, look_period_months, effective_date) VALUES (80, 1057.5, 0, NULL, NULL, date('now'));
INSERT INTO customer_settings (customer_id, monthly_minimum, uses_annualized, annualized_start_date, look_period_months, effective_date) VALUES (81, 4715, 0, NULL, NULL, date('now'));
INSERT INTO customer_settings (customer_id, monthly_minimum, uses_annualized, annualized_start_date, look_period_months, effective_date) VALUES (82, 1010, 1, '2018-05-12', 3, date('now'));
INSERT INTO customer_settings (customer_id, monthly_minimum, uses_annualized, annualized_start_date, look_period_months, effective_date) VALUES (85, NULL, 1, '2020-05-03', 6, date('now'));
INSERT INTO customer_settings (customer_id, monthly_minimum, uses_annualized, annualized_start_date, look_period_months, effective_date) VALUES (88, 1580, 0, NULL, NULL, date('now'));
INSERT INTO customer_settings (customer_id, monthly_minimum, uses_annualized, annualized_start_date, look_period_months, effective_date) VALUES (89, 392.5, 1, '2020-01-31', 3, date('now'));
INSERT INTO customer_settings (customer_id, monthly_minimum, uses_annualized, annualized_start_date, look_period_months, effective_date) VALUES (90, NULL, 1, '2022-08-10', 6, date('now'));
INSERT INTO customer_settings (customer_id, monthly_minimum, uses_annualized, annualized_start_date, look_period_months, effective_date) VALUES (97, 2815, 0, NULL, NULL, date('now'));

-- ESCALATORS
INSERT INTO customer_escalators (customer_id, escalator_start_date, year_number, escalator_percentage, fixed_adjustment, effective_date) VALUES (3, '2022-09-04', 1, 0, 0, date('now'));
INSERT INTO customer_escalators (customer_id, escalator_start_date, year_number, escalator_percentage, fixed_adjustment, effective_date) VALUES (3, '2022-09-04', 2, 4, 50, date('now'));
INSERT INTO customer_escalators (customer_id, escalator_start_date, year_number, escalator_percentage, fixed_adjustment, effective_date) VALUES (3, '2022-09-04', 3, 6, 0, date('now'));
INSERT INTO customer_escalators (customer_id, escalator_start_date, year_number, escalator_percentage, fixed_adjustment, effective_date) VALUES (5, '2021-07-05', 1, 0, 0, date('now'));
INSERT INTO customer_escalators (customer_id, escalator_start_date, year_number, escalator_percentage, fixed_adjustment, effective_date) VALUES (5, '2021-07-05', 2, 6, 42, date('now'));
INSERT INTO customer_escalators (customer_id, escalator_start_date, year_number, escalator_percentage, fixed_adjustment, effective_date) VALUES (5, '2021-07-05', 3, 5, 0, date('now'));
INSERT INTO customer_escalators (customer_id, escalator_start_date, year_number, escalator_percentage, fixed_adjustment, effective_date) VALUES (5, '2021-07-05', 4, 5, 13, date('now'));
INSERT INTO customer_escalators (customer_id, escalator_start_date, year_number, escalator_percentage, fixed_adjustment, effective_date) VALUES (5, '2021-07-05', 5, 5, 0, date('now'));
INSERT INTO customer_escalators (customer_id, escalator_start_date, year_number, escalator_percentage, fixed_adjustment, effective_date) VALUES (6, '2018-12-20', 1, 0, 0, date('now'));
INSERT INTO customer_escalators (customer_id, escalator_start_date, year_number, escalator_percentage, fixed_adjustment, effective_date) VALUES (6, '2018-12-20', 2, 4, 0, date('now'));
INSERT INTO customer_escalators (customer_id, escalator_start_date, year_number, escalator_percentage, fixed_adjustment, effective_date) VALUES (6, '2018-12-20', 3, 4, 42, date('now'));
INSERT INTO customer_escalators (customer_id, escalator_start_date, year_number, escalator_percentage, fixed_adjustment, effective_date) VALUES (6, '2018-12-20', 4, 3, 0, date('now'));
INSERT INTO customer_escalators (customer_id, escalator_start_date, year_number, escalator_percentage, fixed_adjustment, effective_date) VALUES (6, '2018-12-20', 5, 3, 0, date('now'));
INSERT INTO customer_escalators (customer_id, escalator_start_date, year_number, escalator_percentage, fixed_adjustment, effective_date) VALUES (10, '2019-05-24', 1, 0, 34, date('now'));
INSERT INTO customer_escalators (customer_id, escalator_start_date, year_number, escalator_percentage, fixed_adjustment, effective_date) VALUES (10, '2019-05-24', 2, 4, 15, date('now'));
INSERT INTO customer_escalators (customer_id, escalator_start_date, year_number, escalator_percentage, fixed_adjustment, effective_date) VALUES (10, '2019-05-24', 3, 4, 0, date('now'));
INSERT INTO customer_escalators (customer_id, escalator_start_date, year_number, escalator_percentage, fixed_adjustment, effective_date) VALUES (10, '2019-05-24', 4, 5, 0, date('now'));
INSERT INTO customer_escalators (customer_id, escalator_start_date, year_number, escalator_percentage, fixed_adjustment, effective_date) VALUES (10, '2019-05-24', 5, 5, 0, date('now'));
INSERT INTO customer_escalators (customer_id, escalator_start_date, year_number, escalator_percentage, fixed_adjustment, effective_date) VALUES (12, '2018-10-27', 1, 0, 0, date('now'));
INSERT INTO customer_escalators (customer_id, escalator_start_date, year_number, escalator_percentage, fixed_adjustment, effective_date) VALUES (12, '2018-10-27', 2, 4, 0, date('now'));
INSERT INTO customer_escalators (customer_id, escalator_start_date, year_number, escalator_percentage, fixed_adjustment, effective_date) VALUES (12, '2018-10-27', 3, 5, 0, date('now'));
INSERT INTO customer_escalators (customer_id, escalator_start_date, year_number, escalator_percentage, fixed_adjustment, effective_date) VALUES (12, '2018-10-27', 4, 4, 47, date('now'));
INSERT INTO customer_escalators (customer_id, escalator_start_date, year_number, escalator_percentage, fixed_adjustment, effective_date) VALUES (12, '2018-10-27', 5, 4, 0, date('now'));
INSERT INTO customer_escalators (customer_id, escalator_start_date, year_number, escalator_percentage, fixed_adjustment, effective_date) VALUES (14, '2024-01-25', 1, 0, 0, date('now'));
INSERT INTO customer_escalators (customer_id, escalator_start_date, year_number, escalator_percentage, fixed_adjustment, effective_date) VALUES (14, '2024-01-25', 2, 4, 0, date('now'));
INSERT INTO customer_escalators (customer_id, escalator_start_date, year_number, escalator_percentage, fixed_adjustment, effective_date) VALUES (14, '2024-01-25', 3, 5, 0, date('now'));
INSERT INTO customer_escalators (customer_id, escalator_start_date, year_number, escalator_percentage, fixed_adjustment, effective_date) VALUES (17, '2019-09-19', 1, 0, 0, date('now'));
INSERT INTO customer_escalators (customer_id, escalator_start_date, year_number, escalator_percentage, fixed_adjustment, effective_date) VALUES (17, '2019-09-19', 2, 7, 0, date('now'));
INSERT INTO customer_escalators (customer_id, escalator_start_date, year_number, escalator_percentage, fixed_adjustment, effective_date) VALUES (17, '2019-09-19', 3, 5, 0, date('now'));
INSERT INTO customer_escalators (customer_id, escalator_start_date, year_number, escalator_percentage, fixed_adjustment, effective_date) VALUES (18, '2019-11-08', 1, 0, 0, date('now'));
INSERT INTO customer_escalators (customer_id, escalator_start_date, year_number, escalator_percentage, fixed_adjustment, effective_date) VALUES (18, '2019-11-08', 2, 3, 0, date('now'));
INSERT INTO customer_escalators (customer_id, escalator_start_date, year_number, escalator_percentage, fixed_adjustment, effective_date) VALUES (18, '2019-11-08', 3, 2, 0, date('now'));
INSERT INTO customer_escalators (customer_id, escalator_start_date, year_number, escalator_percentage, fixed_adjustment, effective_date) VALUES (18, '2019-11-08', 4, 2, 0, date('now'));
INSERT INTO customer_escalators (customer_id, escalator_start_date, year_number, escalator_percentage, fixed_adjustment, effective_date) VALUES (19, '2024-05-03', 1, 0, 43, date('now'));
INSERT INTO customer_escalators (customer_id, escalator_start_date, year_number, escalator_percentage, fixed_adjustment, effective_date) VALUES (19, '2024-05-03', 2, 2, 0, date('now'));
INSERT INTO customer_escalators (customer_id, escalator_start_date, year_number, escalator_percentage, fixed_adjustment, effective_date) VALUES (19, '2024-05-03', 3, 4, 0, date('now'));
INSERT INTO customer_escalators (customer_id, escalator_start_date, year_number, escalator_percentage, fixed_adjustment, effective_date) VALUES (20, '2025-08-20', 1, 0, 0, date('now'));
INSERT INTO customer_escalators (customer_id, escalator_start_date, year_number, escalator_percentage, fixed_adjustment, effective_date) VALUES (20, '2025-08-20', 2, 5, 41, date('now'));
INSERT INTO customer_escalators (customer_id, escalator_start_date, year_number, escalator_percentage, fixed_adjustment, effective_date) VALUES (20, '2025-08-20', 3, 4, 0, date('now'));
INSERT INTO customer_escalators (customer_id, escalator_start_date, year_number, escalator_percentage, fixed_adjustment, effective_date) VALUES (20, '2025-08-20', 4, 4, 0, date('now'));
INSERT INTO customer_escalators (customer_id, escalator_start_date, year_number, escalator_percentage, fixed_adjustment, effective_date) VALUES (20, '2025-08-20', 5, 5, 0, date('now'));
INSERT INTO customer_escalators (customer_id, escalator_start_date, year_number, escalator_percentage, fixed_adjustment, effective_date) VALUES (22, '2024-02-27', 1, 0, 15, date('now'));
INSERT INTO customer_escalators (customer_id, escalator_start_date, year_number, escalator_percentage, fixed_adjustment, effective_date) VALUES (22, '2024-02-27', 2, 2, 0, date('now'));
INSERT INTO customer_escalators (customer_id, escalator_start_date, year_number, escalator_percentage, fixed_adjustment, effective_date) VALUES (22, '2024-02-27', 3, 3, 0, date('now'));
INSERT INTO customer_escalators (customer_id, escalator_start_date, year_number, escalator_percentage, fixed_adjustment, effective_date) VALUES (22, '2024-02-27', 4, 4, 0, date('now'));
INSERT INTO customer_escalators (customer_id, escalator_start_date, year_number, escalator_percentage, fixed_adjustment, effective_date) VALUES (22, '2024-02-27', 5, 3, 0, date('now'));
INSERT INTO customer_escalators (customer_id, escalator_start_date, year_number, escalator_percentage, fixed_adjustment, effective_date) VALUES (26, '2021-01-29', 1, 0, 0, date('now'));
INSERT INTO customer_escalators (customer_id, escalator_start_date, year_number, escalator_percentage, fixed_adjustment, effective_date) VALUES (26, '2021-01-29', 2, 4, 0, date('now'));
INSERT INTO customer_escalators (customer_id, escalator_start_date, year_number, escalator_percentage, fixed_adjustment, effective_date) VALUES (26, '2021-01-29', 3, 4, 13, date('now'));
INSERT INTO customer_escalators (customer_id, escalator_start_date, year_number, escalator_percentage, fixed_adjustment, effective_date) VALUES (26, '2021-01-29', 4, 3, 0, date('now'));
INSERT INTO customer_escalators (customer_id, escalator_start_date, year_number, escalator_percentage, fixed_adjustment, effective_date) VALUES (31, '2020-06-17', 1, 0, 0, date('now'));
INSERT INTO customer_escalators (customer_id, escalator_start_date, year_number, escalator_percentage, fixed_adjustment, effective_date) VALUES (31, '2020-06-17', 2, 3, 0, date('now'));
INSERT INTO customer_escalators (customer_id, escalator_start_date, year_number, escalator_percentage, fixed_adjustment, effective_date) VALUES (31, '2020-06-17', 3, 2, 0, date('now'));
INSERT INTO customer_escalators (customer_id, escalator_start_date, year_number, escalator_percentage, fixed_adjustment, effective_date) VALUES (32, '2023-08-19', 1, 0, 0, date('now'));
INSERT INTO customer_escalators (customer_id, escalator_start_date, year_number, escalator_percentage, fixed_adjustment, effective_date) VALUES (32, '2023-08-19', 2, 5, 0, date('now'));
INSERT INTO customer_escalators (customer_id, escalator_start_date, year_number, escalator_percentage, fixed_adjustment, effective_date) VALUES (32, '2023-08-19', 3, 4, 0, date('now'));
INSERT INTO customer_escalators (customer_id, escalator_start_date, year_number, escalator_percentage, fixed_adjustment, effective_date) VALUES (34, '2023-05-16', 1, 0, 0, date('now'));
INSERT INTO customer_escalators (customer_id, escalator_start_date, year_number, escalator_percentage, fixed_adjustment, effective_date) VALUES (34, '2023-05-16', 2, 3, 0, date('now'));
INSERT INTO customer_escalators (customer_id, escalator_start_date, year_number, escalator_percentage, fixed_adjustment, effective_date) VALUES (34, '2023-05-16', 3, 3, 0, date('now'));
INSERT INTO customer_escalators (customer_id, escalator_start_date, year_number, escalator_percentage, fixed_adjustment, effective_date) VALUES (34, '2023-05-16', 4, 4, 30, date('now'));
INSERT INTO customer_escalators (customer_id, escalator_start_date, year_number, escalator_percentage, fixed_adjustment, effective_date) VALUES (36, '2022-06-21', 1, 0, 0, date('now'));
INSERT INTO customer_escalators (customer_id, escalator_start_date, year_number, escalator_percentage, fixed_adjustment, effective_date) VALUES (36, '2022-06-21', 2, 4, 0, date('now'));
INSERT INTO customer_escalators (customer_id, escalator_start_date, year_number, escalator_percentage, fixed_adjustment, effective_date) VALUES (36, '2022-06-21', 3, 6, 28, date('now'));
INSERT INTO customer_escalators (customer_id, escalator_start_date, year_number, escalator_percentage, fixed_adjustment, effective_date) VALUES (38, '2022-03-18', 1, 0, 0, date('now'));
INSERT INTO customer_escalators (customer_id, escalator_start_date, year_number, escalator_percentage, fixed_adjustment, effective_date) VALUES (38, '2022-03-18', 2, 2, 0, date('now'));
INSERT INTO customer_escalators (customer_id, escalator_start_date, year_number, escalator_percentage, fixed_adjustment, effective_date) VALUES (38, '2022-03-18', 3, 4, 0, date('now'));
INSERT INTO customer_escalators (customer_id, escalator_start_date, year_number, escalator_percentage, fixed_adjustment, effective_date) VALUES (43, '2025-12-24', 1, 0, 45, date('now'));
INSERT INTO customer_escalators (customer_id, escalator_start_date, year_number, escalator_percentage, fixed_adjustment, effective_date) VALUES (43, '2025-12-24', 2, 6, 0, date('now'));
INSERT INTO customer_escalators (customer_id, escalator_start_date, year_number, escalator_percentage, fixed_adjustment, effective_date) VALUES (43, '2025-12-24', 3, 6, 0, date('now'));
INSERT INTO customer_escalators (customer_id, escalator_start_date, year_number, escalator_percentage, fixed_adjustment, effective_date) VALUES (43, '2025-12-24', 4, 6, 0, date('now'));
INSERT INTO customer_escalators (customer_id, escalator_start_date, year_number, escalator_percentage, fixed_adjustment, effective_date) VALUES (44, '2020-05-24', 1, 0, 0, date('now'));
INSERT INTO customer_escalators (customer_id, escalator_start_date, year_number, escalator_percentage, fixed_adjustment, effective_date) VALUES (44, '2020-05-24', 2, 3, 0, date('now'));
INSERT INTO customer_escalators (customer_id, escalator_start_date, year_number, escalator_percentage, fixed_adjustment, effective_date) VALUES (44, '2020-05-24', 3, 3, 10, date('now'));
INSERT INTO customer_escalators (customer_id, escalator_start_date, year_number, escalator_percentage, fixed_adjustment, effective_date) VALUES (44, '2020-05-24', 4, 4, 0, date('now'));
INSERT INTO customer_escalators (customer_id, escalator_start_date, year_number, escalator_percentage, fixed_adjustment, effective_date) VALUES (45, '2023-01-11', 1, 0, 0, date('now'));
INSERT INTO customer_escalators (customer_id, escalator_start_date, year_number, escalator_percentage, fixed_adjustment, effective_date) VALUES (45, '2023-01-11', 2, 6, 0, date('now'));
INSERT INTO customer_escalators (customer_id, escalator_start_date, year_number, escalator_percentage, fixed_adjustment, effective_date) VALUES (45, '2023-01-11', 3, 6, 50, date('now'));
INSERT INTO customer_escalators (customer_id, escalator_start_date, year_number, escalator_percentage, fixed_adjustment, effective_date) VALUES (45, '2023-01-11', 4, 4, 0, date('now'));
INSERT INTO customer_escalators (customer_id, escalator_start_date, year_number, escalator_percentage, fixed_adjustment, effective_date) VALUES (47, '2019-08-15', 1, 0, 0, date('now'));
INSERT INTO customer_escalators (customer_id, escalator_start_date, year_number, escalator_percentage, fixed_adjustment, effective_date) VALUES (47, '2019-08-15', 2, 2, 0, date('now'));
INSERT INTO customer_escalators (customer_id, escalator_start_date, year_number, escalator_percentage, fixed_adjustment, effective_date) VALUES (47, '2019-08-15', 3, 4, 0, date('now'));
INSERT INTO customer_escalators (customer_id, escalator_start_date, year_number, escalator_percentage, fixed_adjustment, effective_date) VALUES (48, '2021-02-23', 1, 0, 0, date('now'));
INSERT INTO customer_escalators (customer_id, escalator_start_date, year_number, escalator_percentage, fixed_adjustment, effective_date) VALUES (48, '2021-02-23', 2, 6, 0, date('now'));
INSERT INTO customer_escalators (customer_id, escalator_start_date, year_number, escalator_percentage, fixed_adjustment, effective_date) VALUES (48, '2021-02-23', 3, 7, 22, date('now'));
INSERT INTO customer_escalators (customer_id, escalator_start_date, year_number, escalator_percentage, fixed_adjustment, effective_date) VALUES (50, '2023-08-11', 1, 0, 0, date('now'));
INSERT INTO customer_escalators (customer_id, escalator_start_date, year_number, escalator_percentage, fixed_adjustment, effective_date) VALUES (50, '2023-08-11', 2, 4, 0, date('now'));
INSERT INTO customer_escalators (customer_id, escalator_start_date, year_number, escalator_percentage, fixed_adjustment, effective_date) VALUES (50, '2023-08-11', 3, 4, 49, date('now'));
INSERT INTO customer_escalators (customer_id, escalator_start_date, year_number, escalator_percentage, fixed_adjustment, effective_date) VALUES (50, '2023-08-11', 4, 4, 43, date('now'));
INSERT INTO customer_escalators (customer_id, escalator_start_date, year_number, escalator_percentage, fixed_adjustment, effective_date) VALUES (50, '2023-08-11', 5, 3, 0, date('now'));
INSERT INTO customer_escalators (customer_id, escalator_start_date, year_number, escalator_percentage, fixed_adjustment, effective_date) VALUES (52, '2020-08-08', 1, 0, 0, date('now'));
INSERT INTO customer_escalators (customer_id, escalator_start_date, year_number, escalator_percentage, fixed_adjustment, effective_date) VALUES (52, '2020-08-08', 2, 5, 43, date('now'));
INSERT INTO customer_escalators (customer_id, escalator_start_date, year_number, escalator_percentage, fixed_adjustment, effective_date) VALUES (52, '2020-08-08', 3, 4, 0, date('now'));
INSERT INTO customer_escalators (customer_id, escalator_start_date, year_number, escalator_percentage, fixed_adjustment, effective_date) VALUES (54, '2018-07-08', 1, 0, 0, date('now'));
INSERT INTO customer_escalators (customer_id, escalator_start_date, year_number, escalator_percentage, fixed_adjustment, effective_date) VALUES (54, '2018-07-08', 2, 7, 0, date('now'));
INSERT INTO customer_escalators (customer_id, escalator_start_date, year_number, escalator_percentage, fixed_adjustment, effective_date) VALUES (54, '2018-07-08', 3, 5, 34, date('now'));
INSERT INTO customer_escalators (customer_id, escalator_start_date, year_number, escalator_percentage, fixed_adjustment, effective_date) VALUES (54, '2018-07-08', 4, 7, 0, date('now'));
INSERT INTO customer_escalators (customer_id, escalator_start_date, year_number, escalator_percentage, fixed_adjustment, effective_date) VALUES (54, '2018-07-08', 5, 7, 0, date('now'));
INSERT INTO customer_escalators (customer_id, escalator_start_date, year_number, escalator_percentage, fixed_adjustment, effective_date) VALUES (55, '2024-03-10', 1, 0, 0, date('now'));
INSERT INTO customer_escalators (customer_id, escalator_start_date, year_number, escalator_percentage, fixed_adjustment, effective_date) VALUES (55, '2024-03-10', 2, 7, 0, date('now'));
INSERT INTO customer_escalators (customer_id, escalator_start_date, year_number, escalator_percentage, fixed_adjustment, effective_date) VALUES (55, '2024-03-10', 3, 5, 0, date('now'));
INSERT INTO customer_escalators (customer_id, escalator_start_date, year_number, escalator_percentage, fixed_adjustment, effective_date) VALUES (55, '2024-03-10', 4, 5, 0, date('now'));
INSERT INTO customer_escalators (customer_id, escalator_start_date, year_number, escalator_percentage, fixed_adjustment, effective_date) VALUES (55, '2024-03-10', 5, 6, 0, date('now'));
INSERT INTO customer_escalators (customer_id, escalator_start_date, year_number, escalator_percentage, fixed_adjustment, effective_date) VALUES (56, '2021-04-03', 1, 0, 48, date('now'));
INSERT INTO customer_escalators (customer_id, escalator_start_date, year_number, escalator_percentage, fixed_adjustment, effective_date) VALUES (56, '2021-04-03', 2, 4, 0, date('now'));
INSERT INTO customer_escalators (customer_id, escalator_start_date, year_number, escalator_percentage, fixed_adjustment, effective_date) VALUES (56, '2021-04-03', 3, 5, 0, date('now'));
INSERT INTO customer_escalators (customer_id, escalator_start_date, year_number, escalator_percentage, fixed_adjustment, effective_date) VALUES (56, '2021-04-03', 4, 6, 0, date('now'));
INSERT INTO customer_escalators (customer_id, escalator_start_date, year_number, escalator_percentage, fixed_adjustment, effective_date) VALUES (62, '2025-05-22', 1, 0, 0, date('now'));
INSERT INTO customer_escalators (customer_id, escalator_start_date, year_number, escalator_percentage, fixed_adjustment, effective_date) VALUES (62, '2025-05-22', 2, 3, 0, date('now'));
INSERT INTO customer_escalators (customer_id, escalator_start_date, year_number, escalator_percentage, fixed_adjustment, effective_date) VALUES (62, '2025-05-22', 3, 4, 33, date('now'));
INSERT INTO customer_escalators (customer_id, escalator_start_date, year_number, escalator_percentage, fixed_adjustment, effective_date) VALUES (62, '2025-05-22', 4, 2, 0, date('now'));
INSERT INTO customer_escalators (customer_id, escalator_start_date, year_number, escalator_percentage, fixed_adjustment, effective_date) VALUES (63, '2020-03-20', 1, 0, 0, date('now'));
INSERT INTO customer_escalators (customer_id, escalator_start_date, year_number, escalator_percentage, fixed_adjustment, effective_date) VALUES (63, '2020-03-20', 2, 2, 0, date('now'));
INSERT INTO customer_escalators (customer_id, escalator_start_date, year_number, escalator_percentage, fixed_adjustment, effective_date) VALUES (63, '2020-03-20', 3, 3, 0, date('now'));
INSERT INTO customer_escalators (customer_id, escalator_start_date, year_number, escalator_percentage, fixed_adjustment, effective_date) VALUES (63, '2020-03-20', 4, 4, 0, date('now'));
INSERT INTO customer_escalators (customer_id, escalator_start_date, year_number, escalator_percentage, fixed_adjustment, effective_date) VALUES (63, '2020-03-20', 5, 2, 0, date('now'));
INSERT INTO customer_escalators (customer_id, escalator_start_date, year_number, escalator_percentage, fixed_adjustment, effective_date) VALUES (69, '2019-08-10', 1, 0, 0, date('now'));
INSERT INTO customer_escalators (customer_id, escalator_start_date, year_number, escalator_percentage, fixed_adjustment, effective_date) VALUES (69, '2019-08-10', 2, 5, 0, date('now'));
INSERT INTO customer_escalators (customer_id, escalator_start_date, year_number, escalator_percentage, fixed_adjustment, effective_date) VALUES (69, '2019-08-10', 3, 3, 0, date('now'));
INSERT INTO customer_escalators (customer_id, escalator_start_date, year_number, escalator_percentage, fixed_adjustment, effective_date) VALUES (69, '2019-08-10', 4, 3, 0, date('now'));
INSERT INTO customer_escalators (customer_id, escalator_start_date, year_number, escalator_percentage, fixed_adjustment, effective_date) VALUES (70, '2020-11-08', 1, 0, 0, date('now'));
INSERT INTO customer_escalators (customer_id, escalator_start_date, year_number, escalator_percentage, fixed_adjustment, effective_date) VALUES (70, '2020-11-08', 2, 2, 0, date('now'));
INSERT INTO customer_escalators (customer_id, escalator_start_date, year_number, escalator_percentage, fixed_adjustment, effective_date) VALUES (70, '2020-11-08', 3, 3, 0, date('now'));
INSERT INTO customer_escalators (customer_id, escalator_start_date, year_number, escalator_percentage, fixed_adjustment, effective_date) VALUES (70, '2020-11-08', 4, 4, 0, date('now'));
INSERT INTO customer_escalators (customer_id, escalator_start_date, year_number, escalator_percentage, fixed_adjustment, effective_date) VALUES (71, '2019-04-16', 1, 0, 0, date('now'));
INSERT INTO customer_escalators (customer_id, escalator_start_date, year_number, escalator_percentage, fixed_adjustment, effective_date) VALUES (71, '2019-04-16', 2, 5, 0, date('now'));
INSERT INTO customer_escalators (customer_id, escalator_start_date, year_number, escalator_percentage, fixed_adjustment, effective_date) VALUES (71, '2019-04-16', 3, 7, 0, date('now'));
INSERT INTO customer_escalators (customer_id, escalator_start_date, year_number, escalator_percentage, fixed_adjustment, effective_date) VALUES (74, '2021-01-04', 1, 0, 0, date('now'));
INSERT INTO customer_escalators (customer_id, escalator_start_date, year_number, escalator_percentage, fixed_adjustment, effective_date) VALUES (74, '2021-01-04', 2, 4, 0, date('now'));
INSERT INTO customer_escalators (customer_id, escalator_start_date, year_number, escalator_percentage, fixed_adjustment, effective_date) VALUES (74, '2021-01-04', 3, 3, 0, date('now'));
INSERT INTO customer_escalators (customer_id, escalator_start_date, year_number, escalator_percentage, fixed_adjustment, effective_date) VALUES (74, '2021-01-04', 4, 2, 0, date('now'));
INSERT INTO customer_escalators (customer_id, escalator_start_date, year_number, escalator_percentage, fixed_adjustment, effective_date) VALUES (74, '2021-01-04', 5, 2, 0, date('now'));
INSERT INTO customer_escalators (customer_id, escalator_start_date, year_number, escalator_percentage, fixed_adjustment, effective_date) VALUES (78, '2019-11-19', 1, 0, 0, date('now'));
INSERT INTO customer_escalators (customer_id, escalator_start_date, year_number, escalator_percentage, fixed_adjustment, effective_date) VALUES (78, '2019-11-19', 2, 4, 0, date('now'));
INSERT INTO customer_escalators (customer_id, escalator_start_date, year_number, escalator_percentage, fixed_adjustment, effective_date) VALUES (78, '2019-11-19', 3, 3, 0, date('now'));
INSERT INTO customer_escalators (customer_id, escalator_start_date, year_number, escalator_percentage, fixed_adjustment, effective_date) VALUES (78, '2019-11-19', 4, 3, 0, date('now'));
INSERT INTO customer_escalators (customer_id, escalator_start_date, year_number, escalator_percentage, fixed_adjustment, effective_date) VALUES (78, '2019-11-19', 5, 3, 0, date('now'));
INSERT INTO customer_escalators (customer_id, escalator_start_date, year_number, escalator_percentage, fixed_adjustment, effective_date) VALUES (80, '2021-04-25', 1, 0, 20, date('now'));
INSERT INTO customer_escalators (customer_id, escalator_start_date, year_number, escalator_percentage, fixed_adjustment, effective_date) VALUES (80, '2021-04-25', 2, 2, 0, date('now'));
INSERT INTO customer_escalators (customer_id, escalator_start_date, year_number, escalator_percentage, fixed_adjustment, effective_date) VALUES (80, '2021-04-25', 3, 4, 0, date('now'));
INSERT INTO customer_escalators (customer_id, escalator_start_date, year_number, escalator_percentage, fixed_adjustment, effective_date) VALUES (80, '2021-04-25', 4, 2, 22, date('now'));
INSERT INTO customer_escalators (customer_id, escalator_start_date, year_number, escalator_percentage, fixed_adjustment, effective_date) VALUES (80, '2021-04-25', 5, 4, 0, date('now'));
INSERT INTO customer_escalators (customer_id, escalator_start_date, year_number, escalator_percentage, fixed_adjustment, effective_date) VALUES (84, '2022-06-20', 1, 0, 0, date('now'));
INSERT INTO customer_escalators (customer_id, escalator_start_date, year_number, escalator_percentage, fixed_adjustment, effective_date) VALUES (84, '2022-06-20', 2, 4, 0, date('now'));
INSERT INTO customer_escalators (customer_id, escalator_start_date, year_number, escalator_percentage, fixed_adjustment, effective_date) VALUES (84, '2022-06-20', 3, 5, 0, date('now'));
INSERT INTO customer_escalators (customer_id, escalator_start_date, year_number, escalator_percentage, fixed_adjustment, effective_date) VALUES (86, '2018-06-18', 1, 0, 31, date('now'));
INSERT INTO customer_escalators (customer_id, escalator_start_date, year_number, escalator_percentage, fixed_adjustment, effective_date) VALUES (86, '2018-06-18', 2, 4, 39, date('now'));
INSERT INTO customer_escalators (customer_id, escalator_start_date, year_number, escalator_percentage, fixed_adjustment, effective_date) VALUES (86, '2018-06-18', 3, 5, 0, date('now'));
INSERT INTO customer_escalators (customer_id, escalator_start_date, year_number, escalator_percentage, fixed_adjustment, effective_date) VALUES (86, '2018-06-18', 4, 6, 0, date('now'));
INSERT INTO customer_escalators (customer_id, escalator_start_date, year_number, escalator_percentage, fixed_adjustment, effective_date) VALUES (86, '2018-06-18', 5, 5, 0, date('now'));
INSERT INTO customer_escalators (customer_id, escalator_start_date, year_number, escalator_percentage, fixed_adjustment, effective_date) VALUES (88, '2024-06-18', 1, 0, 0, date('now'));
INSERT INTO customer_escalators (customer_id, escalator_start_date, year_number, escalator_percentage, fixed_adjustment, effective_date) VALUES (88, '2024-06-18', 2, 2, 17, date('now'));
INSERT INTO customer_escalators (customer_id, escalator_start_date, year_number, escalator_percentage, fixed_adjustment, effective_date) VALUES (88, '2024-06-18', 3, 3, 39, date('now'));
INSERT INTO customer_escalators (customer_id, escalator_start_date, year_number, escalator_percentage, fixed_adjustment, effective_date) VALUES (88, '2024-06-18', 4, 4, 0, date('now'));
INSERT INTO customer_escalators (customer_id, escalator_start_date, year_number, escalator_percentage, fixed_adjustment, effective_date) VALUES (88, '2024-06-18', 5, 3, 0, date('now'));
INSERT INTO customer_escalators (customer_id, escalator_start_date, year_number, escalator_percentage, fixed_adjustment, effective_date) VALUES (90, '2022-08-10', 1, 0, 0, date('now'));
INSERT INTO customer_escalators (customer_id, escalator_start_date, year_number, escalator_percentage, fixed_adjustment, effective_date) VALUES (90, '2022-08-10', 2, 3, 0, date('now'));
INSERT INTO customer_escalators (customer_id, escalator_start_date, year_number, escalator_percentage, fixed_adjustment, effective_date) VALUES (90, '2022-08-10', 3, 3, 0, date('now'));
INSERT INTO customer_escalators (customer_id, escalator_start_date, year_number, escalator_percentage, fixed_adjustment, effective_date) VALUES (90, '2022-08-10', 4, 4, 0, date('now'));
INSERT INTO customer_escalators (customer_id, escalator_start_date, year_number, escalator_percentage, fixed_adjustment, effective_date) VALUES (90, '2022-08-10', 5, 4, 48, date('now'));
INSERT INTO customer_escalators (customer_id, escalator_start_date, year_number, escalator_percentage, fixed_adjustment, effective_date) VALUES (91, '2024-03-07', 1, 0, 0, date('now'));
INSERT INTO customer_escalators (customer_id, escalator_start_date, year_number, escalator_percentage, fixed_adjustment, effective_date) VALUES (91, '2024-03-07', 2, 4, 0, date('now'));
INSERT INTO customer_escalators (customer_id, escalator_start_date, year_number, escalator_percentage, fixed_adjustment, effective_date) VALUES (91, '2024-03-07', 3, 6, 0, date('now'));
INSERT INTO customer_escalators (customer_id, escalator_start_date, year_number, escalator_percentage, fixed_adjustment, effective_date) VALUES (96, '2023-03-21', 1, 0, 0, date('now'));
INSERT INTO customer_escalators (customer_id, escalator_start_date, year_number, escalator_percentage, fixed_adjustment, effective_date) VALUES (96, '2023-03-21', 2, 4, 0, date('now'));
INSERT INTO customer_escalators (customer_id, escalator_start_date, year_number, escalator_percentage, fixed_adjustment, effective_date) VALUES (96, '2023-03-21', 3, 6, 0, date('now'));
INSERT INTO customer_escalators (customer_id, escalator_start_date, year_number, escalator_percentage, fixed_adjustment, effective_date) VALUES (96, '2023-03-21', 4, 4, 0, date('now'));
INSERT INTO customer_escalators (customer_id, escalator_start_date, year_number, escalator_percentage, fixed_adjustment, effective_date) VALUES (100, '2019-04-11', 1, 0, 0, date('now'));
INSERT INTO customer_escalators (customer_id, escalator_start_date, year_number, escalator_percentage, fixed_adjustment, effective_date) VALUES (100, '2019-04-11', 2, 5, 0, date('now'));
INSERT INTO customer_escalators (customer_id, escalator_start_date, year_number, escalator_percentage, fixed_adjustment, effective_date) VALUES (100, '2019-04-11', 3, 4, 0, date('now'));

-- ESCALATOR DELAYS
INSERT INTO escalator_delays (customer_id, year_number, delay_months) VALUES (52, 2, 2);
INSERT INTO escalator_delays (customer_id, year_number, delay_months) VALUES (54, 2, 1);
INSERT INTO escalator_delays (customer_id, year_number, delay_months) VALUES (84, 2, 3);

-- BUSINESS RULES
INSERT INTO business_rules (customer_id, rule_name, rule_description) VALUES (1, 'QUALITY_CONSULTING_VRN', 'Quality Consulting - Verification Network integration');
INSERT INTO business_rules (customer_id, rule_name, rule_description) VALUES (1, 'QUALITY_CONSULTING_ACS', 'Quality Consulting - Account Standard integration');
INSERT INTO business_rules (customer_id, rule_name, rule_description) VALUES (1, 'QUALITY_CONSULTING_ACB', 'Quality Consulting - Account Basic integration');
INSERT INTO business_rules (customer_id, rule_name, rule_description) VALUES (2, 'MAPLE_CO_SSE', 'Maple Co - Social Security Express integration');
INSERT INTO business_rules (customer_id, rule_name, rule_description) VALUES (2, 'MAPLE_CO_ACB', 'Maple Co - Account Basic integration');
INSERT INTO business_rules (customer_id, rule_name, rule_description) VALUES (2, 'MAPLE_CO_FNL', 'Maple Co - Financial Lookup integration');
INSERT INTO business_rules (customer_id, rule_name, rule_description) VALUES (3, 'PROSPERITY_CONSULTING_LNK', 'Prosperity Consulting - Lending Check integration');
INSERT INTO business_rules (customer_id, rule_name, rule_description) VALUES (3, 'PROSPERITY_CONSULTING_IDS', 'Prosperity Consulting - Identity Standard integration');
INSERT INTO business_rules (customer_id, rule_name, rule_description) VALUES (3, 'PROSPERITY_CONSULTING_ACS', 'Prosperity Consulting - Account Standard integration');
INSERT INTO business_rules (customer_id, rule_name, rule_description) VALUES (3, 'PROSPERITY_CONSULTING_LNX', 'Prosperity Consulting - Lending Extended integration');
INSERT INTO business_rules (customer_id, rule_name, rule_description) VALUES (3, 'PROSPERITY_CONSULTING_SSM', 'Prosperity Consulting - Social Security Monitor integration');
INSERT INTO business_rules (customer_id, rule_name, rule_description) VALUES (3, 'PROSPERITY_CONSULTING_ACB', 'Prosperity Consulting - Account Basic integration');
INSERT INTO business_rules (customer_id, rule_name, rule_description) VALUES (3, 'PROSPERITY_CONSULTING_FNL', 'Prosperity Consulting - Financial Lookup integration');
INSERT INTO business_rules (customer_id, rule_name, rule_description) VALUES (4, 'RUBY_SECURITIES_LNK', 'Ruby Securities - Lending Check integration');
INSERT INTO business_rules (customer_id, rule_name, rule_description) VALUES (4, 'RUBY_SECURITIES_VRT', 'Ruby Securities - Verification Total integration');
INSERT INTO business_rules (customer_id, rule_name, rule_description) VALUES (4, 'RUBY_SECURITIES_FNL', 'Ruby Securities - Financial Lookup integration');
INSERT INTO business_rules (customer_id, rule_name, rule_description) VALUES (4, 'RUBY_SECURITIES_ACB', 'Ruby Securities - Account Basic integration');
INSERT INTO business_rules (customer_id, rule_name, rule_description) VALUES (4, 'RUBY_SECURITIES_VRN', 'Ruby Securities - Verification Network integration');
INSERT INTO business_rules (customer_id, rule_name, rule_description) VALUES (4, 'RUBY_SECURITIES_IDS', 'Ruby Securities - Identity Standard integration');
INSERT INTO business_rules (customer_id, rule_name, rule_description) VALUES (4, 'RUBY_SECURITIES_ACS', 'Ruby Securities - Account Standard integration');
INSERT INTO business_rules (customer_id, rule_name, rule_description) VALUES (5, 'ORBIT_GROUP_LNX', 'Orbit Group - Lending Extended integration');
INSERT INTO business_rules (customer_id, rule_name, rule_description) VALUES (5, 'ORBIT_GROUP_VRT', 'Orbit Group - Verification Total integration');
INSERT INTO business_rules (customer_id, rule_name, rule_description) VALUES (5, 'ORBIT_GROUP_SSM', 'Orbit Group - Social Security Monitor integration');
INSERT INTO business_rules (customer_id, rule_name, rule_description) VALUES (5, 'ORBIT_GROUP_VRN', 'Orbit Group - Verification Network integration');
INSERT INTO business_rules (customer_id, rule_name, rule_description) VALUES (5, 'ORBIT_GROUP_BKB', 'Orbit Group - Bank Basic integration');
INSERT INTO business_rules (customer_id, rule_name, rule_description) VALUES (6, 'UP_GLOBAL_ACS', 'Up Global - Account Standard integration');
INSERT INTO business_rules (customer_id, rule_name, rule_description) VALUES (6, 'UP_GLOBAL_VRN', 'Up Global - Verification Network integration');
INSERT INTO business_rules (customer_id, rule_name, rule_description) VALUES (6, 'UP_GLOBAL_BKB', 'Up Global - Bank Basic integration');
INSERT INTO business_rules (customer_id, rule_name, rule_description) VALUES (7, 'OPTIMAL_LEASING_VRN', 'Optimal Leasing - Verification Network integration');
INSERT INTO business_rules (customer_id, rule_name, rule_description) VALUES (7, 'OPTIMAL_LEASING_SSE', 'Optimal Leasing - Social Security Express integration');
INSERT INTO business_rules (customer_id, rule_name, rule_description) VALUES (7, 'OPTIMAL_LEASING_ACB', 'Optimal Leasing - Account Basic integration');
INSERT INTO business_rules (customer_id, rule_name, rule_description) VALUES (7, 'OPTIMAL_LEASING_FNC', 'Optimal Leasing - Financial Core integration');
INSERT INTO business_rules (customer_id, rule_name, rule_description) VALUES (7, 'OPTIMAL_LEASING_ACS', 'Optimal Leasing - Account Standard integration');
INSERT INTO business_rules (customer_id, rule_name, rule_description) VALUES (7, 'OPTIMAL_LEASING_VRT', 'Optimal Leasing - Verification Total integration');
INSERT INTO business_rules (customer_id, rule_name, rule_description) VALUES (7, 'OPTIMAL_LEASING_LNK', 'Optimal Leasing - Lending Check integration');
INSERT INTO business_rules (customer_id, rule_name, rule_description) VALUES (8, 'FIVE_CONSULTING_VRN', 'Five Consulting - Verification Network integration');
INSERT INTO business_rules (customer_id, rule_name, rule_description) VALUES (8, 'FIVE_CONSULTING_SSM', 'Five Consulting - Social Security Monitor integration');
INSERT INTO business_rules (customer_id, rule_name, rule_description) VALUES (8, 'FIVE_CONSULTING_ACS', 'Five Consulting - Account Standard integration');
INSERT INTO business_rules (customer_id, rule_name, rule_description) VALUES (8, 'FIVE_CONSULTING_IDS', 'Five Consulting - Identity Standard integration');
INSERT INTO business_rules (customer_id, rule_name, rule_description) VALUES (8, 'FIVE_CONSULTING_FNC', 'Five Consulting - Financial Core integration');
INSERT INTO business_rules (customer_id, rule_name, rule_description) VALUES (8, 'FIVE_CONSULTING_BKB', 'Five Consulting - Bank Basic integration');
INSERT INTO business_rules (customer_id, rule_name, rule_description) VALUES (9, 'LEGACY_HOLDINGS_VRT', 'Legacy Holdings - Verification Total integration');
INSERT INTO business_rules (customer_id, rule_name, rule_description) VALUES (9, 'LEGACY_HOLDINGS_ACB', 'Legacy Holdings - Account Basic integration');
INSERT INTO business_rules (customer_id, rule_name, rule_description) VALUES (9, 'LEGACY_HOLDINGS_VRN', 'Legacy Holdings - Verification Network integration');
INSERT INTO business_rules (customer_id, rule_name, rule_description) VALUES (9, 'LEGACY_HOLDINGS_BKB', 'Legacy Holdings - Bank Basic integration');
INSERT INTO business_rules (customer_id, rule_name, rule_description) VALUES (9, 'LEGACY_HOLDINGS_ACS', 'Legacy Holdings - Account Standard integration');
INSERT INTO business_rules (customer_id, rule_name, rule_description) VALUES (10, 'WHITE_COMMUNITY_LNX', 'White Community - Lending Extended integration');
INSERT INTO business_rules (customer_id, rule_name, rule_description) VALUES (10, 'WHITE_COMMUNITY_VRT', 'White Community - Verification Total integration');
INSERT INTO business_rules (customer_id, rule_name, rule_description) VALUES (10, 'WHITE_COMMUNITY_ACS', 'White Community - Account Standard integration');
INSERT INTO business_rules (customer_id, rule_name, rule_description) VALUES (10, 'WHITE_COMMUNITY_SSE', 'White Community - Social Security Express integration');
INSERT INTO business_rules (customer_id, rule_name, rule_description) VALUES (10, 'WHITE_COMMUNITY_ACB', 'White Community - Account Basic integration');
INSERT INTO business_rules (customer_id, rule_name, rule_description) VALUES (10, 'WHITE_COMMUNITY_FNC', 'White Community - Financial Core integration');
INSERT INTO business_rules (customer_id, rule_name, rule_description) VALUES (10, 'WHITE_COMMUNITY_SSM', 'White Community - Social Security Monitor integration');
INSERT INTO business_rules (customer_id, rule_name, rule_description) VALUES (11, 'CEDAR_HOLDINGS_VRT', 'Cedar Holdings - Verification Total integration');
INSERT INTO business_rules (customer_id, rule_name, rule_description) VALUES (11, 'CEDAR_HOLDINGS_ACS', 'Cedar Holdings - Account Standard integration');
INSERT INTO business_rules (customer_id, rule_name, rule_description) VALUES (11, 'CEDAR_HOLDINGS_BKB', 'Cedar Holdings - Bank Basic integration');
INSERT INTO business_rules (customer_id, rule_name, rule_description) VALUES (11, 'CEDAR_HOLDINGS_VRN', 'Cedar Holdings - Verification Network integration');
INSERT INTO business_rules (customer_id, rule_name, rule_description) VALUES (11, 'CEDAR_HOLDINGS_FNC', 'Cedar Holdings - Financial Core integration');
INSERT INTO business_rules (customer_id, rule_name, rule_description) VALUES (11, 'CEDAR_HOLDINGS_IDS', 'Cedar Holdings - Identity Standard integration');
INSERT INTO business_rules (customer_id, rule_name, rule_description) VALUES (11, 'CEDAR_HOLDINGS_ACB', 'Cedar Holdings - Account Basic integration');
INSERT INTO business_rules (customer_id, rule_name, rule_description) VALUES (11, 'CEDAR_HOLDINGS_SSM', 'Cedar Holdings - Social Security Monitor integration');
INSERT INTO business_rules (customer_id, rule_name, rule_description) VALUES (12, 'MODERN_LEASING_VRT', 'Modern Leasing - Verification Total integration');
INSERT INTO business_rules (customer_id, rule_name, rule_description) VALUES (12, 'MODERN_LEASING_FNC', 'Modern Leasing - Financial Core integration');
INSERT INTO business_rules (customer_id, rule_name, rule_description) VALUES (12, 'MODERN_LEASING_SSM', 'Modern Leasing - Social Security Monitor integration');
INSERT INTO business_rules (customer_id, rule_name, rule_description) VALUES (13, 'HUB_LLC_FNL', 'Hub LLC - Financial Lookup integration');
INSERT INTO business_rules (customer_id, rule_name, rule_description) VALUES (13, 'HUB_LLC_SSE', 'Hub LLC - Social Security Express integration');
INSERT INTO business_rules (customer_id, rule_name, rule_description) VALUES (13, 'HUB_LLC_LNX', 'Hub LLC - Lending Extended integration');
INSERT INTO business_rules (customer_id, rule_name, rule_description) VALUES (13, 'HUB_LLC_VRN', 'Hub LLC - Verification Network integration');
INSERT INTO business_rules (customer_id, rule_name, rule_description) VALUES (13, 'HUB_LLC_ACS', 'Hub LLC - Account Standard integration');
INSERT INTO business_rules (customer_id, rule_name, rule_description) VALUES (13, 'HUB_LLC_BKB', 'Hub LLC - Bank Basic integration');
INSERT INTO business_rules (customer_id, rule_name, rule_description) VALUES (14, 'HONOR_LLC_ACB', 'Honor LLC - Account Basic integration');
INSERT INTO business_rules (customer_id, rule_name, rule_description) VALUES (14, 'HONOR_LLC_LNX', 'Honor LLC - Lending Extended integration');
INSERT INTO business_rules (customer_id, rule_name, rule_description) VALUES (14, 'HONOR_LLC_VRT', 'Honor LLC - Verification Total integration');
INSERT INTO business_rules (customer_id, rule_name, rule_description) VALUES (14, 'HONOR_LLC_SSM', 'Honor LLC - Social Security Monitor integration');
INSERT INTO business_rules (customer_id, rule_name, rule_description) VALUES (14, 'HONOR_LLC_VRN', 'Honor LLC - Verification Network integration');
INSERT INTO business_rules (customer_id, rule_name, rule_description) VALUES (14, 'HONOR_LLC_BKB', 'Honor LLC - Bank Basic integration');
INSERT INTO business_rules (customer_id, rule_name, rule_description) VALUES (14, 'HONOR_LLC_SSE', 'Honor LLC - Social Security Express integration');
INSERT INTO business_rules (customer_id, rule_name, rule_description) VALUES (15, 'HUB_HOLDINGS_FNL', 'Hub Holdings - Financial Lookup integration');
INSERT INTO business_rules (customer_id, rule_name, rule_description) VALUES (15, 'HUB_HOLDINGS_VRN', 'Hub Holdings - Verification Network integration');
INSERT INTO business_rules (customer_id, rule_name, rule_description) VALUES (15, 'HUB_HOLDINGS_BKB', 'Hub Holdings - Bank Basic integration');
INSERT INTO business_rules (customer_id, rule_name, rule_description) VALUES (15, 'HUB_HOLDINGS_SSM', 'Hub Holdings - Social Security Monitor integration');
INSERT INTO business_rules (customer_id, rule_name, rule_description) VALUES (15, 'HUB_HOLDINGS_ACB', 'Hub Holdings - Account Basic integration');
INSERT INTO business_rules (customer_id, rule_name, rule_description) VALUES (15, 'HUB_HOLDINGS_SSE', 'Hub Holdings - Social Security Express integration');
INSERT INTO business_rules (customer_id, rule_name, rule_description) VALUES (16, 'TRUE_FUNDING_SSM', 'True Funding - Social Security Monitor integration');
INSERT INTO business_rules (customer_id, rule_name, rule_description) VALUES (16, 'TRUE_FUNDING_BKB', 'True Funding - Bank Basic integration');
INSERT INTO business_rules (customer_id, rule_name, rule_description) VALUES (16, 'TRUE_FUNDING_ACB', 'True Funding - Account Basic integration');
INSERT INTO business_rules (customer_id, rule_name, rule_description) VALUES (16, 'TRUE_FUNDING_IDS', 'True Funding - Identity Standard integration');
INSERT INTO business_rules (customer_id, rule_name, rule_description) VALUES (16, 'TRUE_FUNDING_VRT', 'True Funding - Verification Total integration');
INSERT INTO business_rules (customer_id, rule_name, rule_description) VALUES (16, 'TRUE_FUNDING_FNC', 'True Funding - Financial Core integration');
INSERT INTO business_rules (customer_id, rule_name, rule_description) VALUES (16, 'TRUE_FUNDING_LNX', 'True Funding - Lending Extended integration');
INSERT INTO business_rules (customer_id, rule_name, rule_description) VALUES (17, 'OAK_SAVINGS_FNC', 'Oak Savings - Financial Core integration');
INSERT INTO business_rules (customer_id, rule_name, rule_description) VALUES (17, 'OAK_SAVINGS_ACB', 'Oak Savings - Account Basic integration');
INSERT INTO business_rules (customer_id, rule_name, rule_description) VALUES (17, 'OAK_SAVINGS_BKB', 'Oak Savings - Bank Basic integration');
INSERT INTO business_rules (customer_id, rule_name, rule_description) VALUES (17, 'OAK_SAVINGS_VRT', 'Oak Savings - Verification Total integration');
INSERT INTO business_rules (customer_id, rule_name, rule_description) VALUES (18, 'PULSE_GLOBAL_VRN', 'Pulse Global - Verification Network integration');
INSERT INTO business_rules (customer_id, rule_name, rule_description) VALUES (18, 'PULSE_GLOBAL_LNX', 'Pulse Global - Lending Extended integration');
INSERT INTO business_rules (customer_id, rule_name, rule_description) VALUES (18, 'PULSE_GLOBAL_LNK', 'Pulse Global - Lending Check integration');
INSERT INTO business_rules (customer_id, rule_name, rule_description) VALUES (18, 'PULSE_GLOBAL_VRT', 'Pulse Global - Verification Total integration');
INSERT INTO business_rules (customer_id, rule_name, rule_description) VALUES (19, 'HIGH_PLUS_VRN', 'High Plus - Verification Network integration');
INSERT INTO business_rules (customer_id, rule_name, rule_description) VALUES (19, 'HIGH_PLUS_ACS', 'High Plus - Account Standard integration');
INSERT INTO business_rules (customer_id, rule_name, rule_description) VALUES (19, 'HIGH_PLUS_FNC', 'High Plus - Financial Core integration');
INSERT INTO business_rules (customer_id, rule_name, rule_description) VALUES (19, 'HIGH_PLUS_VRT', 'High Plus - Verification Total integration');
INSERT INTO business_rules (customer_id, rule_name, rule_description) VALUES (20, 'RED_HOLDINGS_SSM', 'Red Holdings - Social Security Monitor integration');
INSERT INTO business_rules (customer_id, rule_name, rule_description) VALUES (20, 'RED_HOLDINGS_LNK', 'Red Holdings - Lending Check integration');
INSERT INTO business_rules (customer_id, rule_name, rule_description) VALUES (20, 'RED_HOLDINGS_LNX', 'Red Holdings - Lending Extended integration');
INSERT INTO business_rules (customer_id, rule_name, rule_description) VALUES (21, 'IVY_LENDING_FNL', 'Ivy Lending - Financial Lookup integration');
INSERT INTO business_rules (customer_id, rule_name, rule_description) VALUES (21, 'IVY_LENDING_VRN', 'Ivy Lending - Verification Network integration');
INSERT INTO business_rules (customer_id, rule_name, rule_description) VALUES (21, 'IVY_LENDING_ACS', 'Ivy Lending - Account Standard integration');
INSERT INTO business_rules (customer_id, rule_name, rule_description) VALUES (22, 'SEQUOIA_UNITED_ACB', 'Sequoia United - Account Basic integration');
INSERT INTO business_rules (customer_id, rule_name, rule_description) VALUES (22, 'SEQUOIA_UNITED_IDS', 'Sequoia United - Identity Standard integration');
INSERT INTO business_rules (customer_id, rule_name, rule_description) VALUES (22, 'SEQUOIA_UNITED_VRT', 'Sequoia United - Verification Total integration');
INSERT INTO business_rules (customer_id, rule_name, rule_description) VALUES (22, 'SEQUOIA_UNITED_SSE', 'Sequoia United - Social Security Express integration');
INSERT INTO business_rules (customer_id, rule_name, rule_description) VALUES (22, 'SEQUOIA_UNITED_ACS', 'Sequoia United - Account Standard integration');
INSERT INTO business_rules (customer_id, rule_name, rule_description) VALUES (22, 'SEQUOIA_UNITED_FNC', 'Sequoia United - Financial Core integration');
INSERT INTO business_rules (customer_id, rule_name, rule_description) VALUES (22, 'SEQUOIA_UNITED_LNX', 'Sequoia United - Lending Extended integration');
INSERT INTO business_rules (customer_id, rule_name, rule_description) VALUES (23, 'YELLOW_PRO_IDS', 'Yellow Pro - Identity Standard integration');
INSERT INTO business_rules (customer_id, rule_name, rule_description) VALUES (23, 'YELLOW_PRO_ACS', 'Yellow Pro - Account Standard integration');
INSERT INTO business_rules (customer_id, rule_name, rule_description) VALUES (23, 'YELLOW_PRO_SSM', 'Yellow Pro - Social Security Monitor integration');
INSERT INTO business_rules (customer_id, rule_name, rule_description) VALUES (23, 'YELLOW_PRO_FNL', 'Yellow Pro - Financial Lookup integration');
INSERT INTO business_rules (customer_id, rule_name, rule_description) VALUES (23, 'YELLOW_PRO_FNC', 'Yellow Pro - Financial Core integration');
INSERT INTO business_rules (customer_id, rule_name, rule_description) VALUES (23, 'YELLOW_PRO_VRN', 'Yellow Pro - Verification Network integration');
INSERT INTO business_rules (customer_id, rule_name, rule_description) VALUES (23, 'YELLOW_PRO_BKB', 'Yellow Pro - Bank Basic integration');
INSERT INTO business_rules (customer_id, rule_name, rule_description) VALUES (23, 'YELLOW_PRO_SSE', 'Yellow Pro - Social Security Express integration');
INSERT INTO business_rules (customer_id, rule_name, rule_description) VALUES (24, 'MIDWEST_EXPRESS_SSM', 'Midwest Express - Social Security Monitor integration');
INSERT INTO business_rules (customer_id, rule_name, rule_description) VALUES (24, 'MIDWEST_EXPRESS_VRN', 'Midwest Express - Verification Network integration');
INSERT INTO business_rules (customer_id, rule_name, rule_description) VALUES (24, 'MIDWEST_EXPRESS_ACS', 'Midwest Express - Account Standard integration');
INSERT INTO business_rules (customer_id, rule_name, rule_description) VALUES (24, 'MIDWEST_EXPRESS_LNK', 'Midwest Express - Lending Check integration');
INSERT INTO business_rules (customer_id, rule_name, rule_description) VALUES (25, 'WISE_CORP_LNK', 'Wise Corp - Lending Check integration');
INSERT INTO business_rules (customer_id, rule_name, rule_description) VALUES (25, 'WISE_CORP_VRT', 'Wise Corp - Verification Total integration');
INSERT INTO business_rules (customer_id, rule_name, rule_description) VALUES (25, 'WISE_CORP_ACB', 'Wise Corp - Account Basic integration');
INSERT INTO business_rules (customer_id, rule_name, rule_description) VALUES (25, 'WISE_CORP_IDS', 'Wise Corp - Identity Standard integration');
INSERT INTO business_rules (customer_id, rule_name, rule_description) VALUES (25, 'WISE_CORP_VRN', 'Wise Corp - Verification Network integration');
INSERT INTO business_rules (customer_id, rule_name, rule_description) VALUES (25, 'WISE_CORP_FNL', 'Wise Corp - Financial Lookup integration');
INSERT INTO business_rules (customer_id, rule_name, rule_description) VALUES (25, 'WISE_CORP_FNC', 'Wise Corp - Financial Core integration');
INSERT INTO business_rules (customer_id, rule_name, rule_description) VALUES (26, 'CROWN_INTERNATIONAL_SSM', 'Crown International - Social Security Monitor integration');
INSERT INTO business_rules (customer_id, rule_name, rule_description) VALUES (26, 'CROWN_INTERNATIONAL_VRT', 'Crown International - Verification Total integration');
INSERT INTO business_rules (customer_id, rule_name, rule_description) VALUES (26, 'CROWN_INTERNATIONAL_FNC', 'Crown International - Financial Core integration');
INSERT INTO business_rules (customer_id, rule_name, rule_description) VALUES (26, 'CROWN_INTERNATIONAL_BKB', 'Crown International - Bank Basic integration');
INSERT INTO business_rules (customer_id, rule_name, rule_description) VALUES (26, 'CROWN_INTERNATIONAL_LNX', 'Crown International - Lending Extended integration');
INSERT INTO business_rules (customer_id, rule_name, rule_description) VALUES (26, 'CROWN_INTERNATIONAL_IDS', 'Crown International - Identity Standard integration');
INSERT INTO business_rules (customer_id, rule_name, rule_description) VALUES (26, 'CROWN_INTERNATIONAL_LNK', 'Crown International - Lending Check integration');
INSERT INTO business_rules (customer_id, rule_name, rule_description) VALUES (27, 'VALUE_ASSOCIATES_IDS', 'Value Associates - Identity Standard integration');
INSERT INTO business_rules (customer_id, rule_name, rule_description) VALUES (27, 'VALUE_ASSOCIATES_FNC', 'Value Associates - Financial Core integration');
INSERT INTO business_rules (customer_id, rule_name, rule_description) VALUES (27, 'VALUE_ASSOCIATES_BKB', 'Value Associates - Bank Basic integration');
INSERT INTO business_rules (customer_id, rule_name, rule_description) VALUES (27, 'VALUE_ASSOCIATES_LNX', 'Value Associates - Lending Extended integration');
INSERT INTO business_rules (customer_id, rule_name, rule_description) VALUES (28, 'LATITUDE_CONSULTING_ACS', 'Latitude Consulting - Account Standard integration');
INSERT INTO business_rules (customer_id, rule_name, rule_description) VALUES (28, 'LATITUDE_CONSULTING_VRN', 'Latitude Consulting - Verification Network integration');
INSERT INTO business_rules (customer_id, rule_name, rule_description) VALUES (28, 'LATITUDE_CONSULTING_BKB', 'Latitude Consulting - Bank Basic integration');
INSERT INTO business_rules (customer_id, rule_name, rule_description) VALUES (29, 'JOURNEY_CREDIT_LNX', 'Journey Credit - Lending Extended integration');
INSERT INTO business_rules (customer_id, rule_name, rule_description) VALUES (29, 'JOURNEY_CREDIT_FNL', 'Journey Credit - Financial Lookup integration');
INSERT INTO business_rules (customer_id, rule_name, rule_description) VALUES (29, 'JOURNEY_CREDIT_VRN', 'Journey Credit - Verification Network integration');
INSERT INTO business_rules (customer_id, rule_name, rule_description) VALUES (29, 'JOURNEY_CREDIT_ACB', 'Journey Credit - Account Basic integration');
INSERT INTO business_rules (customer_id, rule_name, rule_description) VALUES (29, 'JOURNEY_CREDIT_LNK', 'Journey Credit - Lending Check integration');
INSERT INTO business_rules (customer_id, rule_name, rule_description) VALUES (29, 'JOURNEY_CREDIT_SSM', 'Journey Credit - Social Security Monitor integration');
INSERT INTO business_rules (customer_id, rule_name, rule_description) VALUES (30, 'ROCKY_PRO_FNL', 'Rocky Pro - Financial Lookup integration');
INSERT INTO business_rules (customer_id, rule_name, rule_description) VALUES (30, 'ROCKY_PRO_ACB', 'Rocky Pro - Account Basic integration');
INSERT INTO business_rules (customer_id, rule_name, rule_description) VALUES (30, 'ROCKY_PRO_ACS', 'Rocky Pro - Account Standard integration');
INSERT INTO business_rules (customer_id, rule_name, rule_description) VALUES (30, 'ROCKY_PRO_IDS', 'Rocky Pro - Identity Standard integration');
INSERT INTO business_rules (customer_id, rule_name, rule_description) VALUES (30, 'ROCKY_PRO_BKB', 'Rocky Pro - Bank Basic integration');
INSERT INTO business_rules (customer_id, rule_name, rule_description) VALUES (30, 'ROCKY_PRO_SSM', 'Rocky Pro - Social Security Monitor integration');
INSERT INTO business_rules (customer_id, rule_name, rule_description) VALUES (30, 'ROCKY_PRO_LNX', 'Rocky Pro - Lending Extended integration');
INSERT INTO business_rules (customer_id, rule_name, rule_description) VALUES (30, 'ROCKY_PRO_SSE', 'Rocky Pro - Social Security Express integration');
INSERT INTO business_rules (customer_id, rule_name, rule_description) VALUES (31, 'NEXT_PARTNERS_VRT', 'Next Partners - Verification Total integration');
INSERT INTO business_rules (customer_id, rule_name, rule_description) VALUES (31, 'NEXT_PARTNERS_FNC', 'Next Partners - Financial Core integration');
INSERT INTO business_rules (customer_id, rule_name, rule_description) VALUES (31, 'NEXT_PARTNERS_BKB', 'Next Partners - Bank Basic integration');
INSERT INTO business_rules (customer_id, rule_name, rule_description) VALUES (31, 'NEXT_PARTNERS_IDS', 'Next Partners - Identity Standard integration');
INSERT INTO business_rules (customer_id, rule_name, rule_description) VALUES (31, 'NEXT_PARTNERS_ACB', 'Next Partners - Account Basic integration');
INSERT INTO business_rules (customer_id, rule_name, rule_description) VALUES (31, 'NEXT_PARTNERS_VRN', 'Next Partners - Verification Network integration');
INSERT INTO business_rules (customer_id, rule_name, rule_description) VALUES (31, 'NEXT_PARTNERS_SSE', 'Next Partners - Social Security Express integration');
INSERT INTO business_rules (customer_id, rule_name, rule_description) VALUES (32, 'SIGNAL_ONLINE_IDS', 'Signal Online - Identity Standard integration');
INSERT INTO business_rules (customer_id, rule_name, rule_description) VALUES (32, 'SIGNAL_ONLINE_LNX', 'Signal Online - Lending Extended integration');
INSERT INTO business_rules (customer_id, rule_name, rule_description) VALUES (32, 'SIGNAL_ONLINE_FNC', 'Signal Online - Financial Core integration');
INSERT INTO business_rules (customer_id, rule_name, rule_description) VALUES (32, 'SIGNAL_ONLINE_VRT', 'Signal Online - Verification Total integration');
INSERT INTO business_rules (customer_id, rule_name, rule_description) VALUES (32, 'SIGNAL_ONLINE_VRN', 'Signal Online - Verification Network integration');
INSERT INTO business_rules (customer_id, rule_name, rule_description) VALUES (32, 'SIGNAL_ONLINE_ACS', 'Signal Online - Account Standard integration');
INSERT INTO business_rules (customer_id, rule_name, rule_description) VALUES (33, 'TIMBER_REGIONAL_FNL', 'Timber Regional - Financial Lookup integration');
INSERT INTO business_rules (customer_id, rule_name, rule_description) VALUES (33, 'TIMBER_REGIONAL_VRN', 'Timber Regional - Verification Network integration');
INSERT INTO business_rules (customer_id, rule_name, rule_description) VALUES (33, 'TIMBER_REGIONAL_LNX', 'Timber Regional - Lending Extended integration');
INSERT INTO business_rules (customer_id, rule_name, rule_description) VALUES (33, 'TIMBER_REGIONAL_LNK', 'Timber Regional - Lending Check integration');
INSERT INTO business_rules (customer_id, rule_name, rule_description) VALUES (33, 'TIMBER_REGIONAL_SSM', 'Timber Regional - Social Security Monitor integration');
INSERT INTO business_rules (customer_id, rule_name, rule_description) VALUES (34, 'IRON_ONLINE_LNK', 'Iron Online - Lending Check integration');
INSERT INTO business_rules (customer_id, rule_name, rule_description) VALUES (34, 'IRON_ONLINE_FNC', 'Iron Online - Financial Core integration');
INSERT INTO business_rules (customer_id, rule_name, rule_description) VALUES (34, 'IRON_ONLINE_SSM', 'Iron Online - Social Security Monitor integration');
INSERT INTO business_rules (customer_id, rule_name, rule_description) VALUES (35, 'SOLID_FINANCIAL_IDS', 'Solid Financial - Identity Standard integration');
INSERT INTO business_rules (customer_id, rule_name, rule_description) VALUES (35, 'SOLID_FINANCIAL_FNL', 'Solid Financial - Financial Lookup integration');
INSERT INTO business_rules (customer_id, rule_name, rule_description) VALUES (35, 'SOLID_FINANCIAL_FNC', 'Solid Financial - Financial Core integration');
INSERT INTO business_rules (customer_id, rule_name, rule_description) VALUES (35, 'SOLID_FINANCIAL_SSE', 'Solid Financial - Social Security Express integration');
INSERT INTO business_rules (customer_id, rule_name, rule_description) VALUES (35, 'SOLID_FINANCIAL_SSM', 'Solid Financial - Social Security Monitor integration');
INSERT INTO business_rules (customer_id, rule_name, rule_description) VALUES (35, 'SOLID_FINANCIAL_VRN', 'Solid Financial - Verification Network integration');
INSERT INTO business_rules (customer_id, rule_name, rule_description) VALUES (35, 'SOLID_FINANCIAL_LNK', 'Solid Financial - Lending Check integration');
INSERT INTO business_rules (customer_id, rule_name, rule_description) VALUES (35, 'SOLID_FINANCIAL_LNX', 'Solid Financial - Lending Extended integration');
INSERT INTO business_rules (customer_id, rule_name, rule_description) VALUES (36, 'SOUTH_EXPRESS_IDS', 'South Express - Identity Standard integration');
INSERT INTO business_rules (customer_id, rule_name, rule_description) VALUES (36, 'SOUTH_EXPRESS_FNC', 'South Express - Financial Core integration');
INSERT INTO business_rules (customer_id, rule_name, rule_description) VALUES (36, 'SOUTH_EXPRESS_SSE', 'South Express - Social Security Express integration');
INSERT INTO business_rules (customer_id, rule_name, rule_description) VALUES (36, 'SOUTH_EXPRESS_LNK', 'South Express - Lending Check integration');
INSERT INTO business_rules (customer_id, rule_name, rule_description) VALUES (36, 'SOUTH_EXPRESS_ACS', 'South Express - Account Standard integration');
INSERT INTO business_rules (customer_id, rule_name, rule_description) VALUES (36, 'SOUTH_EXPRESS_BKB', 'South Express - Bank Basic integration');
INSERT INTO business_rules (customer_id, rule_name, rule_description) VALUES (37, 'RED_FINANCE_LNK', 'Red Finance - Lending Check integration');
INSERT INTO business_rules (customer_id, rule_name, rule_description) VALUES (37, 'RED_FINANCE_SSE', 'Red Finance - Social Security Express integration');
INSERT INTO business_rules (customer_id, rule_name, rule_description) VALUES (37, 'RED_FINANCE_ACB', 'Red Finance - Account Basic integration');
INSERT INTO business_rules (customer_id, rule_name, rule_description) VALUES (37, 'RED_FINANCE_FNC', 'Red Finance - Financial Core integration');
INSERT INTO business_rules (customer_id, rule_name, rule_description) VALUES (37, 'RED_FINANCE_SSM', 'Red Finance - Social Security Monitor integration');
INSERT INTO business_rules (customer_id, rule_name, rule_description) VALUES (37, 'RED_FINANCE_LNX', 'Red Finance - Lending Extended integration');
INSERT INTO business_rules (customer_id, rule_name, rule_description) VALUES (37, 'RED_FINANCE_FNL', 'Red Finance - Financial Lookup integration');
INSERT INTO business_rules (customer_id, rule_name, rule_description) VALUES (38, 'UNIVERSAL_SECURITIES_SSM', 'Universal Securities - Social Security Monitor integration');
INSERT INTO business_rules (customer_id, rule_name, rule_description) VALUES (38, 'UNIVERSAL_SECURITIES_VRN', 'Universal Securities - Verification Network integration');
INSERT INTO business_rules (customer_id, rule_name, rule_description) VALUES (38, 'UNIVERSAL_SECURITIES_FNC', 'Universal Securities - Financial Core integration');
INSERT INTO business_rules (customer_id, rule_name, rule_description) VALUES (39, 'OPEN_SAVINGS_ACB', 'Open Savings - Account Basic integration');
INSERT INTO business_rules (customer_id, rule_name, rule_description) VALUES (39, 'OPEN_SAVINGS_ACS', 'Open Savings - Account Standard integration');
INSERT INTO business_rules (customer_id, rule_name, rule_description) VALUES (39, 'OPEN_SAVINGS_FNC', 'Open Savings - Financial Core integration');
INSERT INTO business_rules (customer_id, rule_name, rule_description) VALUES (39, 'OPEN_SAVINGS_IDS', 'Open Savings - Identity Standard integration');
INSERT INTO business_rules (customer_id, rule_name, rule_description) VALUES (39, 'OPEN_SAVINGS_VRT', 'Open Savings - Verification Total integration');
INSERT INTO business_rules (customer_id, rule_name, rule_description) VALUES (39, 'OPEN_SAVINGS_LNX', 'Open Savings - Lending Extended integration');
INSERT INTO business_rules (customer_id, rule_name, rule_description) VALUES (40, 'STEEL_ADVISORS_VRT', 'Steel Advisors - Verification Total integration');
INSERT INTO business_rules (customer_id, rule_name, rule_description) VALUES (40, 'STEEL_ADVISORS_ACB', 'Steel Advisors - Account Basic integration');
INSERT INTO business_rules (customer_id, rule_name, rule_description) VALUES (40, 'STEEL_ADVISORS_ACS', 'Steel Advisors - Account Standard integration');
INSERT INTO business_rules (customer_id, rule_name, rule_description) VALUES (40, 'STEEL_ADVISORS_SSE', 'Steel Advisors - Social Security Express integration');
INSERT INTO business_rules (customer_id, rule_name, rule_description) VALUES (40, 'STEEL_ADVISORS_LNX', 'Steel Advisors - Lending Extended integration');
INSERT INTO business_rules (customer_id, rule_name, rule_description) VALUES (40, 'STEEL_ADVISORS_IDS', 'Steel Advisors - Identity Standard integration');
INSERT INTO business_rules (customer_id, rule_name, rule_description) VALUES (41, 'VIVID_DIRECT_BKB', 'Vivid Direct - Bank Basic integration');
INSERT INTO business_rules (customer_id, rule_name, rule_description) VALUES (41, 'VIVID_DIRECT_ACS', 'Vivid Direct - Account Standard integration');
INSERT INTO business_rules (customer_id, rule_name, rule_description) VALUES (41, 'VIVID_DIRECT_SSE', 'Vivid Direct - Social Security Express integration');
INSERT INTO business_rules (customer_id, rule_name, rule_description) VALUES (42, 'EMPIRE_FINANCIAL_IDS', 'Empire Financial - Identity Standard integration');
INSERT INTO business_rules (customer_id, rule_name, rule_description) VALUES (42, 'EMPIRE_FINANCIAL_SSE', 'Empire Financial - Social Security Express integration');
INSERT INTO business_rules (customer_id, rule_name, rule_description) VALUES (42, 'EMPIRE_FINANCIAL_ACB', 'Empire Financial - Account Basic integration');
INSERT INTO business_rules (customer_id, rule_name, rule_description) VALUES (43, 'SEA_AMERICAN_VRN', 'Sea American - Verification Network integration');
INSERT INTO business_rules (customer_id, rule_name, rule_description) VALUES (43, 'SEA_AMERICAN_FNC', 'Sea American - Financial Core integration');
INSERT INTO business_rules (customer_id, rule_name, rule_description) VALUES (43, 'SEA_AMERICAN_VRT', 'Sea American - Verification Total integration');
INSERT INTO business_rules (customer_id, rule_name, rule_description) VALUES (43, 'SEA_AMERICAN_LNX', 'Sea American - Lending Extended integration');
INSERT INTO business_rules (customer_id, rule_name, rule_description) VALUES (43, 'SEA_AMERICAN_FNL', 'Sea American - Financial Lookup integration');
INSERT INTO business_rules (customer_id, rule_name, rule_description) VALUES (44, 'NETWORK_LLC_VRT', 'Network LLC - Verification Total integration');
INSERT INTO business_rules (customer_id, rule_name, rule_description) VALUES (44, 'NETWORK_LLC_LNK', 'Network LLC - Lending Check integration');
INSERT INTO business_rules (customer_id, rule_name, rule_description) VALUES (44, 'NETWORK_LLC_ACS', 'Network LLC - Account Standard integration');
INSERT INTO business_rules (customer_id, rule_name, rule_description) VALUES (44, 'NETWORK_LLC_SSE', 'Network LLC - Social Security Express integration');
INSERT INTO business_rules (customer_id, rule_name, rule_description) VALUES (45, 'FOUNDATION_ONLINE_VRT', 'Foundation Online - Verification Total integration');
INSERT INTO business_rules (customer_id, rule_name, rule_description) VALUES (45, 'FOUNDATION_ONLINE_BKB', 'Foundation Online - Bank Basic integration');
INSERT INTO business_rules (customer_id, rule_name, rule_description) VALUES (45, 'FOUNDATION_ONLINE_FNC', 'Foundation Online - Financial Core integration');
INSERT INTO business_rules (customer_id, rule_name, rule_description) VALUES (45, 'FOUNDATION_ONLINE_ACS', 'Foundation Online - Account Standard integration');
INSERT INTO business_rules (customer_id, rule_name, rule_description) VALUES (45, 'FOUNDATION_ONLINE_ACB', 'Foundation Online - Account Basic integration');
INSERT INTO business_rules (customer_id, rule_name, rule_description) VALUES (45, 'FOUNDATION_ONLINE_IDS', 'Foundation Online - Identity Standard integration');
INSERT INTO business_rules (customer_id, rule_name, rule_description) VALUES (46, 'PLAZA_INSURANCE_FNL', 'Plaza Insurance - Financial Lookup integration');
INSERT INTO business_rules (customer_id, rule_name, rule_description) VALUES (46, 'PLAZA_INSURANCE_FNC', 'Plaza Insurance - Financial Core integration');
INSERT INTO business_rules (customer_id, rule_name, rule_description) VALUES (46, 'PLAZA_INSURANCE_VRN', 'Plaza Insurance - Verification Network integration');
INSERT INTO business_rules (customer_id, rule_name, rule_description) VALUES (46, 'PLAZA_INSURANCE_ACB', 'Plaza Insurance - Account Basic integration');
INSERT INTO business_rules (customer_id, rule_name, rule_description) VALUES (46, 'PLAZA_INSURANCE_LNX', 'Plaza Insurance - Lending Extended integration');
INSERT INTO business_rules (customer_id, rule_name, rule_description) VALUES (46, 'PLAZA_INSURANCE_VRT', 'Plaza Insurance - Verification Total integration');
INSERT INTO business_rules (customer_id, rule_name, rule_description) VALUES (46, 'PLAZA_INSURANCE_LNK', 'Plaza Insurance - Lending Check integration');
INSERT INTO business_rules (customer_id, rule_name, rule_description) VALUES (46, 'PLAZA_INSURANCE_IDS', 'Plaza Insurance - Identity Standard integration');
INSERT INTO business_rules (customer_id, rule_name, rule_description) VALUES (47, 'GRANITE_PLUS_VRT', 'Granite Plus - Verification Total integration');
INSERT INTO business_rules (customer_id, rule_name, rule_description) VALUES (47, 'GRANITE_PLUS_LNK', 'Granite Plus - Lending Check integration');
INSERT INTO business_rules (customer_id, rule_name, rule_description) VALUES (47, 'GRANITE_PLUS_SSM', 'Granite Plus - Social Security Monitor integration');
INSERT INTO business_rules (customer_id, rule_name, rule_description) VALUES (47, 'GRANITE_PLUS_ACS', 'Granite Plus - Account Standard integration');
INSERT INTO business_rules (customer_id, rule_name, rule_description) VALUES (48, 'TRIBUTE_SYSTEMS_SSE', 'Tribute Systems - Social Security Express integration');
INSERT INTO business_rules (customer_id, rule_name, rule_description) VALUES (48, 'TRIBUTE_SYSTEMS_SSM', 'Tribute Systems - Social Security Monitor integration');
INSERT INTO business_rules (customer_id, rule_name, rule_description) VALUES (48, 'TRIBUTE_SYSTEMS_VRT', 'Tribute Systems - Verification Total integration');
INSERT INTO business_rules (customer_id, rule_name, rule_description) VALUES (48, 'TRIBUTE_SYSTEMS_FNC', 'Tribute Systems - Financial Core integration');
INSERT INTO business_rules (customer_id, rule_name, rule_description) VALUES (49, 'VERDE_DIGITAL_FNL', 'Verde Digital - Financial Lookup integration');
INSERT INTO business_rules (customer_id, rule_name, rule_description) VALUES (49, 'VERDE_DIGITAL_IDS', 'Verde Digital - Identity Standard integration');
INSERT INTO business_rules (customer_id, rule_name, rule_description) VALUES (49, 'VERDE_DIGITAL_SSE', 'Verde Digital - Social Security Express integration');
INSERT INTO business_rules (customer_id, rule_name, rule_description) VALUES (49, 'VERDE_DIGITAL_SSM', 'Verde Digital - Social Security Monitor integration');
INSERT INTO business_rules (customer_id, rule_name, rule_description) VALUES (49, 'VERDE_DIGITAL_VRT', 'Verde Digital - Verification Total integration');
INSERT INTO business_rules (customer_id, rule_name, rule_description) VALUES (49, 'VERDE_DIGITAL_LNX', 'Verde Digital - Lending Extended integration');
INSERT INTO business_rules (customer_id, rule_name, rule_description) VALUES (49, 'VERDE_DIGITAL_VRN', 'Verde Digital - Verification Network integration');
INSERT INTO business_rules (customer_id, rule_name, rule_description) VALUES (49, 'VERDE_DIGITAL_LNK', 'Verde Digital - Lending Check integration');
INSERT INTO business_rules (customer_id, rule_name, rule_description) VALUES (50, 'TWIN_TRUST_ACB', 'Twin Trust - Account Basic integration');
INSERT INTO business_rules (customer_id, rule_name, rule_description) VALUES (50, 'TWIN_TRUST_SSE', 'Twin Trust - Social Security Express integration');
INSERT INTO business_rules (customer_id, rule_name, rule_description) VALUES (50, 'TWIN_TRUST_IDS', 'Twin Trust - Identity Standard integration');
INSERT INTO business_rules (customer_id, rule_name, rule_description) VALUES (51, 'TOWER_REGIONAL_SSM', 'Tower Regional - Social Security Monitor integration');
INSERT INTO business_rules (customer_id, rule_name, rule_description) VALUES (51, 'TOWER_REGIONAL_SSE', 'Tower Regional - Social Security Express integration');
INSERT INTO business_rules (customer_id, rule_name, rule_description) VALUES (51, 'TOWER_REGIONAL_VRT', 'Tower Regional - Verification Total integration');
INSERT INTO business_rules (customer_id, rule_name, rule_description) VALUES (51, 'TOWER_REGIONAL_IDS', 'Tower Regional - Identity Standard integration');
INSERT INTO business_rules (customer_id, rule_name, rule_description) VALUES (51, 'TOWER_REGIONAL_LNK', 'Tower Regional - Lending Check integration');
INSERT INTO business_rules (customer_id, rule_name, rule_description) VALUES (51, 'TOWER_REGIONAL_FNC', 'Tower Regional - Financial Core integration');
INSERT INTO business_rules (customer_id, rule_name, rule_description) VALUES (51, 'TOWER_REGIONAL_VRN', 'Tower Regional - Verification Network integration');
INSERT INTO business_rules (customer_id, rule_name, rule_description) VALUES (52, 'FIRST_ADVISORS_IDS', 'First Advisors - Identity Standard integration');
INSERT INTO business_rules (customer_id, rule_name, rule_description) VALUES (52, 'FIRST_ADVISORS_SSM', 'First Advisors - Social Security Monitor integration');
INSERT INTO business_rules (customer_id, rule_name, rule_description) VALUES (52, 'FIRST_ADVISORS_ACB', 'First Advisors - Account Basic integration');
INSERT INTO business_rules (customer_id, rule_name, rule_description) VALUES (52, 'FIRST_ADVISORS_FNC', 'First Advisors - Financial Core integration');
INSERT INTO business_rules (customer_id, rule_name, rule_description) VALUES (52, 'FIRST_ADVISORS_ACS', 'First Advisors - Account Standard integration');
INSERT INTO business_rules (customer_id, rule_name, rule_description) VALUES (52, 'FIRST_ADVISORS_LNK', 'First Advisors - Lending Check integration');
INSERT INTO business_rules (customer_id, rule_name, rule_description) VALUES (52, 'FIRST_ADVISORS_BKB', 'First Advisors - Bank Basic integration');
INSERT INTO business_rules (customer_id, rule_name, rule_description) VALUES (52, 'FIRST_ADVISORS_VRT', 'First Advisors - Verification Total integration');
INSERT INTO business_rules (customer_id, rule_name, rule_description) VALUES (53, 'PULSE_SYSTEMS_FNC', 'Pulse Systems - Financial Core integration');
INSERT INTO business_rules (customer_id, rule_name, rule_description) VALUES (53, 'PULSE_SYSTEMS_IDS', 'Pulse Systems - Identity Standard integration');
INSERT INTO business_rules (customer_id, rule_name, rule_description) VALUES (53, 'PULSE_SYSTEMS_VRN', 'Pulse Systems - Verification Network integration');
INSERT INTO business_rules (customer_id, rule_name, rule_description) VALUES (53, 'PULSE_SYSTEMS_VRT', 'Pulse Systems - Verification Total integration');
INSERT INTO business_rules (customer_id, rule_name, rule_description) VALUES (53, 'PULSE_SYSTEMS_SSE', 'Pulse Systems - Social Security Express integration');
INSERT INTO business_rules (customer_id, rule_name, rule_description) VALUES (53, 'PULSE_SYSTEMS_FNL', 'Pulse Systems - Financial Lookup integration');
INSERT INTO business_rules (customer_id, rule_name, rule_description) VALUES (53, 'PULSE_SYSTEMS_BKB', 'Pulse Systems - Bank Basic integration');
INSERT INTO business_rules (customer_id, rule_name, rule_description) VALUES (53, 'PULSE_SYSTEMS_ACS', 'Pulse Systems - Account Standard integration');
INSERT INTO business_rules (customer_id, rule_name, rule_description) VALUES (54, 'STRATEGIC_ASSOCIATES_ACS', 'Strategic Associates - Account Standard integration');
INSERT INTO business_rules (customer_id, rule_name, rule_description) VALUES (54, 'STRATEGIC_ASSOCIATES_FNC', 'Strategic Associates - Financial Core integration');
INSERT INTO business_rules (customer_id, rule_name, rule_description) VALUES (54, 'STRATEGIC_ASSOCIATES_BKB', 'Strategic Associates - Bank Basic integration');
INSERT INTO business_rules (customer_id, rule_name, rule_description) VALUES (54, 'STRATEGIC_ASSOCIATES_LNK', 'Strategic Associates - Lending Check integration');
INSERT INTO business_rules (customer_id, rule_name, rule_description) VALUES (54, 'STRATEGIC_ASSOCIATES_SSM', 'Strategic Associates - Social Security Monitor integration');
INSERT INTO business_rules (customer_id, rule_name, rule_description) VALUES (54, 'STRATEGIC_ASSOCIATES_IDS', 'Strategic Associates - Identity Standard integration');
INSERT INTO business_rules (customer_id, rule_name, rule_description) VALUES (54, 'STRATEGIC_ASSOCIATES_VRT', 'Strategic Associates - Verification Total integration');
INSERT INTO business_rules (customer_id, rule_name, rule_description) VALUES (55, 'DIAMOND_GLOBAL_LNK', 'Diamond Global - Lending Check integration');
INSERT INTO business_rules (customer_id, rule_name, rule_description) VALUES (55, 'DIAMOND_GLOBAL_SSM', 'Diamond Global - Social Security Monitor integration');
INSERT INTO business_rules (customer_id, rule_name, rule_description) VALUES (55, 'DIAMOND_GLOBAL_SSE', 'Diamond Global - Social Security Express integration');
INSERT INTO business_rules (customer_id, rule_name, rule_description) VALUES (55, 'DIAMOND_GLOBAL_FNL', 'Diamond Global - Financial Lookup integration');
INSERT INTO business_rules (customer_id, rule_name, rule_description) VALUES (55, 'DIAMOND_GLOBAL_ACS', 'Diamond Global - Account Standard integration');
INSERT INTO business_rules (customer_id, rule_name, rule_description) VALUES (56, 'ROCKY_GLOBAL_VRT', 'Rocky Global - Verification Total integration');
INSERT INTO business_rules (customer_id, rule_name, rule_description) VALUES (56, 'ROCKY_GLOBAL_FNL', 'Rocky Global - Financial Lookup integration');
INSERT INTO business_rules (customer_id, rule_name, rule_description) VALUES (56, 'ROCKY_GLOBAL_VRN', 'Rocky Global - Verification Network integration');
INSERT INTO business_rules (customer_id, rule_name, rule_description) VALUES (56, 'ROCKY_GLOBAL_FNC', 'Rocky Global - Financial Core integration');
INSERT INTO business_rules (customer_id, rule_name, rule_description) VALUES (57, 'CENTRAL_MORTGAGE_SSE', 'Central Mortgage - Social Security Express integration');
INSERT INTO business_rules (customer_id, rule_name, rule_description) VALUES (57, 'CENTRAL_MORTGAGE_ACB', 'Central Mortgage - Account Basic integration');
INSERT INTO business_rules (customer_id, rule_name, rule_description) VALUES (57, 'CENTRAL_MORTGAGE_VRT', 'Central Mortgage - Verification Total integration');
INSERT INTO business_rules (customer_id, rule_name, rule_description) VALUES (57, 'CENTRAL_MORTGAGE_FNL', 'Central Mortgage - Financial Lookup integration');
INSERT INTO business_rules (customer_id, rule_name, rule_description) VALUES (57, 'CENTRAL_MORTGAGE_BKB', 'Central Mortgage - Bank Basic integration');
INSERT INTO business_rules (customer_id, rule_name, rule_description) VALUES (57, 'CENTRAL_MORTGAGE_IDS', 'Central Mortgage - Identity Standard integration');
INSERT INTO business_rules (customer_id, rule_name, rule_description) VALUES (58, 'ACME_LEASING_ACS', 'Acme Leasing - Account Standard integration');
INSERT INTO business_rules (customer_id, rule_name, rule_description) VALUES (58, 'ACME_LEASING_FNL', 'Acme Leasing - Financial Lookup integration');
INSERT INTO business_rules (customer_id, rule_name, rule_description) VALUES (58, 'ACME_LEASING_FNC', 'Acme Leasing - Financial Core integration');
INSERT INTO business_rules (customer_id, rule_name, rule_description) VALUES (58, 'ACME_LEASING_VRN', 'Acme Leasing - Verification Network integration');
INSERT INTO business_rules (customer_id, rule_name, rule_description) VALUES (58, 'ACME_LEASING_LNK', 'Acme Leasing - Lending Check integration');
INSERT INTO business_rules (customer_id, rule_name, rule_description) VALUES (58, 'ACME_LEASING_SSE', 'Acme Leasing - Social Security Express integration');
INSERT INTO business_rules (customer_id, rule_name, rule_description) VALUES (59, 'STRONG_PLUS_ACB', 'Strong Plus - Account Basic integration');
INSERT INTO business_rules (customer_id, rule_name, rule_description) VALUES (59, 'STRONG_PLUS_FNL', 'Strong Plus - Financial Lookup integration');
INSERT INTO business_rules (customer_id, rule_name, rule_description) VALUES (59, 'STRONG_PLUS_SSE', 'Strong Plus - Social Security Express integration');
INSERT INTO business_rules (customer_id, rule_name, rule_description) VALUES (59, 'STRONG_PLUS_FNC', 'Strong Plus - Financial Core integration');
INSERT INTO business_rules (customer_id, rule_name, rule_description) VALUES (59, 'STRONG_PLUS_ACS', 'Strong Plus - Account Standard integration');
INSERT INTO business_rules (customer_id, rule_name, rule_description) VALUES (60, 'SILVER_SOLUTIONS_LNX', 'Silver Solutions - Lending Extended integration');
INSERT INTO business_rules (customer_id, rule_name, rule_description) VALUES (60, 'SILVER_SOLUTIONS_LNK', 'Silver Solutions - Lending Check integration');
INSERT INTO business_rules (customer_id, rule_name, rule_description) VALUES (60, 'SILVER_SOLUTIONS_SSE', 'Silver Solutions - Social Security Express integration');
INSERT INTO business_rules (customer_id, rule_name, rule_description) VALUES (60, 'SILVER_SOLUTIONS_SSM', 'Silver Solutions - Social Security Monitor integration');
INSERT INTO business_rules (customer_id, rule_name, rule_description) VALUES (60, 'SILVER_SOLUTIONS_VRT', 'Silver Solutions - Verification Total integration');
INSERT INTO business_rules (customer_id, rule_name, rule_description) VALUES (60, 'SILVER_SOLUTIONS_VRN', 'Silver Solutions - Verification Network integration');
INSERT INTO business_rules (customer_id, rule_name, rule_description) VALUES (61, 'EMPIRE_CAPITAL_FNC', 'Empire Capital - Financial Core integration');
INSERT INTO business_rules (customer_id, rule_name, rule_description) VALUES (61, 'EMPIRE_CAPITAL_SSE', 'Empire Capital - Social Security Express integration');
INSERT INTO business_rules (customer_id, rule_name, rule_description) VALUES (61, 'EMPIRE_CAPITAL_SSM', 'Empire Capital - Social Security Monitor integration');
INSERT INTO business_rules (customer_id, rule_name, rule_description) VALUES (61, 'EMPIRE_CAPITAL_ACS', 'Empire Capital - Account Standard integration');
INSERT INTO business_rules (customer_id, rule_name, rule_description) VALUES (61, 'EMPIRE_CAPITAL_VRN', 'Empire Capital - Verification Network integration');
INSERT INTO business_rules (customer_id, rule_name, rule_description) VALUES (61, 'EMPIRE_CAPITAL_LNK', 'Empire Capital - Lending Check integration');
INSERT INTO business_rules (customer_id, rule_name, rule_description) VALUES (62, 'SAGE_ONLINE_FNC', 'Sage Online - Financial Core integration');
INSERT INTO business_rules (customer_id, rule_name, rule_description) VALUES (62, 'SAGE_ONLINE_VRN', 'Sage Online - Verification Network integration');
INSERT INTO business_rules (customer_id, rule_name, rule_description) VALUES (62, 'SAGE_ONLINE_SSM', 'Sage Online - Social Security Monitor integration');
INSERT INTO business_rules (customer_id, rule_name, rule_description) VALUES (62, 'SAGE_ONLINE_IDS', 'Sage Online - Identity Standard integration');
INSERT INTO business_rules (customer_id, rule_name, rule_description) VALUES (62, 'SAGE_ONLINE_FNL', 'Sage Online - Financial Lookup integration');
INSERT INTO business_rules (customer_id, rule_name, rule_description) VALUES (63, 'EAGLE_LLC_SSM', 'Eagle LLC - Social Security Monitor integration');
INSERT INTO business_rules (customer_id, rule_name, rule_description) VALUES (63, 'EAGLE_LLC_LNX', 'Eagle LLC - Lending Extended integration');
INSERT INTO business_rules (customer_id, rule_name, rule_description) VALUES (63, 'EAGLE_LLC_FNL', 'Eagle LLC - Financial Lookup integration');
INSERT INTO business_rules (customer_id, rule_name, rule_description) VALUES (64, 'YELLOW_ASSOCIATES_ACS', 'Yellow Associates - Account Standard integration');
INSERT INTO business_rules (customer_id, rule_name, rule_description) VALUES (64, 'YELLOW_ASSOCIATES_LNK', 'Yellow Associates - Lending Check integration');
INSERT INTO business_rules (customer_id, rule_name, rule_description) VALUES (64, 'YELLOW_ASSOCIATES_ACB', 'Yellow Associates - Account Basic integration');
INSERT INTO business_rules (customer_id, rule_name, rule_description) VALUES (64, 'YELLOW_ASSOCIATES_VRT', 'Yellow Associates - Verification Total integration');
INSERT INTO business_rules (customer_id, rule_name, rule_description) VALUES (64, 'YELLOW_ASSOCIATES_FNC', 'Yellow Associates - Financial Core integration');
INSERT INTO business_rules (customer_id, rule_name, rule_description) VALUES (64, 'YELLOW_ASSOCIATES_BKB', 'Yellow Associates - Bank Basic integration');
INSERT INTO business_rules (customer_id, rule_name, rule_description) VALUES (64, 'YELLOW_ASSOCIATES_LNX', 'Yellow Associates - Lending Extended integration');
INSERT INTO business_rules (customer_id, rule_name, rule_description) VALUES (64, 'YELLOW_ASSOCIATES_IDS', 'Yellow Associates - Identity Standard integration');
INSERT INTO business_rules (customer_id, rule_name, rule_description) VALUES (65, 'STRONG_SAVINGS_SSE', 'Strong Savings - Social Security Express integration');
INSERT INTO business_rules (customer_id, rule_name, rule_description) VALUES (65, 'STRONG_SAVINGS_VRN', 'Strong Savings - Verification Network integration');
INSERT INTO business_rules (customer_id, rule_name, rule_description) VALUES (65, 'STRONG_SAVINGS_FNC', 'Strong Savings - Financial Core integration');
INSERT INTO business_rules (customer_id, rule_name, rule_description) VALUES (66, 'HERITAGE_GLOBAL_BKB', 'Heritage Global - Bank Basic integration');
INSERT INTO business_rules (customer_id, rule_name, rule_description) VALUES (66, 'HERITAGE_GLOBAL_SSM', 'Heritage Global - Social Security Monitor integration');
INSERT INTO business_rules (customer_id, rule_name, rule_description) VALUES (66, 'HERITAGE_GLOBAL_IDS', 'Heritage Global - Identity Standard integration');
INSERT INTO business_rules (customer_id, rule_name, rule_description) VALUES (66, 'HERITAGE_GLOBAL_FNL', 'Heritage Global - Financial Lookup integration');
INSERT INTO business_rules (customer_id, rule_name, rule_description) VALUES (66, 'HERITAGE_GLOBAL_FNC', 'Heritage Global - Financial Core integration');
INSERT INTO business_rules (customer_id, rule_name, rule_description) VALUES (67, 'WESTERN_SOLUTIONS_ACB', 'Western Solutions - Account Basic integration');
INSERT INTO business_rules (customer_id, rule_name, rule_description) VALUES (67, 'WESTERN_SOLUTIONS_FNL', 'Western Solutions - Financial Lookup integration');
INSERT INTO business_rules (customer_id, rule_name, rule_description) VALUES (67, 'WESTERN_SOLUTIONS_VRT', 'Western Solutions - Verification Total integration');
INSERT INTO business_rules (customer_id, rule_name, rule_description) VALUES (67, 'WESTERN_SOLUTIONS_SSE', 'Western Solutions - Social Security Express integration');
INSERT INTO business_rules (customer_id, rule_name, rule_description) VALUES (68, 'STREET_ASSOCIATES_FNC', 'Street Associates - Financial Core integration');
INSERT INTO business_rules (customer_id, rule_name, rule_description) VALUES (68, 'STREET_ASSOCIATES_VRT', 'Street Associates - Verification Total integration');
INSERT INTO business_rules (customer_id, rule_name, rule_description) VALUES (68, 'STREET_ASSOCIATES_ACS', 'Street Associates - Account Standard integration');
INSERT INTO business_rules (customer_id, rule_name, rule_description) VALUES (68, 'STREET_ASSOCIATES_FNL', 'Street Associates - Financial Lookup integration');
INSERT INTO business_rules (customer_id, rule_name, rule_description) VALUES (68, 'STREET_ASSOCIATES_ACB', 'Street Associates - Account Basic integration');
INSERT INTO business_rules (customer_id, rule_name, rule_description) VALUES (68, 'STREET_ASSOCIATES_LNX', 'Street Associates - Lending Extended integration');
INSERT INTO business_rules (customer_id, rule_name, rule_description) VALUES (68, 'STREET_ASSOCIATES_IDS', 'Street Associates - Identity Standard integration');
INSERT INTO business_rules (customer_id, rule_name, rule_description) VALUES (68, 'STREET_ASSOCIATES_SSM', 'Street Associates - Social Security Monitor integration');
INSERT INTO business_rules (customer_id, rule_name, rule_description) VALUES (69, 'PEARL_MORTGAGE_LNX', 'Pearl Mortgage - Lending Extended integration');
INSERT INTO business_rules (customer_id, rule_name, rule_description) VALUES (69, 'PEARL_MORTGAGE_SSE', 'Pearl Mortgage - Social Security Express integration');
INSERT INTO business_rules (customer_id, rule_name, rule_description) VALUES (69, 'PEARL_MORTGAGE_ACS', 'Pearl Mortgage - Account Standard integration');
INSERT INTO business_rules (customer_id, rule_name, rule_description) VALUES (69, 'PEARL_MORTGAGE_ACB', 'Pearl Mortgage - Account Basic integration');
INSERT INTO business_rules (customer_id, rule_name, rule_description) VALUES (69, 'PEARL_MORTGAGE_VRN', 'Pearl Mortgage - Verification Network integration');
INSERT INTO business_rules (customer_id, rule_name, rule_description) VALUES (69, 'PEARL_MORTGAGE_FNL', 'Pearl Mortgage - Financial Lookup integration');
INSERT INTO business_rules (customer_id, rule_name, rule_description) VALUES (69, 'PEARL_MORTGAGE_BKB', 'Pearl Mortgage - Bank Basic integration');
INSERT INTO business_rules (customer_id, rule_name, rule_description) VALUES (70, 'PIONEER_UNITED_FNC', 'Pioneer United - Financial Core integration');
INSERT INTO business_rules (customer_id, rule_name, rule_description) VALUES (70, 'PIONEER_UNITED_VRT', 'Pioneer United - Verification Total integration');
INSERT INTO business_rules (customer_id, rule_name, rule_description) VALUES (70, 'PIONEER_UNITED_IDS', 'Pioneer United - Identity Standard integration');
INSERT INTO business_rules (customer_id, rule_name, rule_description) VALUES (70, 'PIONEER_UNITED_SSE', 'Pioneer United - Social Security Express integration');
INSERT INTO business_rules (customer_id, rule_name, rule_description) VALUES (70, 'PIONEER_UNITED_LNX', 'Pioneer United - Lending Extended integration');
INSERT INTO business_rules (customer_id, rule_name, rule_description) VALUES (71, 'COASTAL_BANK_SSE', 'Coastal Bank - Social Security Express integration');
INSERT INTO business_rules (customer_id, rule_name, rule_description) VALUES (71, 'COASTAL_BANK_ACB', 'Coastal Bank - Account Basic integration');
INSERT INTO business_rules (customer_id, rule_name, rule_description) VALUES (71, 'COASTAL_BANK_FNL', 'Coastal Bank - Financial Lookup integration');
INSERT INTO business_rules (customer_id, rule_name, rule_description) VALUES (71, 'COASTAL_BANK_LNK', 'Coastal Bank - Lending Check integration');
INSERT INTO business_rules (customer_id, rule_name, rule_description) VALUES (71, 'COASTAL_BANK_LNX', 'Coastal Bank - Lending Extended integration');
INSERT INTO business_rules (customer_id, rule_name, rule_description) VALUES (72, 'NOVA_BANK_LNX', 'Nova Bank - Lending Extended integration');
INSERT INTO business_rules (customer_id, rule_name, rule_description) VALUES (72, 'NOVA_BANK_SSM', 'Nova Bank - Social Security Monitor integration');
INSERT INTO business_rules (customer_id, rule_name, rule_description) VALUES (72, 'NOVA_BANK_VRN', 'Nova Bank - Verification Network integration');
INSERT INTO business_rules (customer_id, rule_name, rule_description) VALUES (72, 'NOVA_BANK_SSE', 'Nova Bank - Social Security Express integration');
INSERT INTO business_rules (customer_id, rule_name, rule_description) VALUES (72, 'NOVA_BANK_BKB', 'Nova Bank - Bank Basic integration');
INSERT INTO business_rules (customer_id, rule_name, rule_description) VALUES (72, 'NOVA_BANK_ACS', 'Nova Bank - Account Standard integration');
INSERT INTO business_rules (customer_id, rule_name, rule_description) VALUES (73, 'HONOR_GROUP_FNL', 'Honor Group - Financial Lookup integration');
INSERT INTO business_rules (customer_id, rule_name, rule_description) VALUES (73, 'HONOR_GROUP_VRN', 'Honor Group - Verification Network integration');
INSERT INTO business_rules (customer_id, rule_name, rule_description) VALUES (73, 'HONOR_GROUP_FNC', 'Honor Group - Financial Core integration');
INSERT INTO business_rules (customer_id, rule_name, rule_description) VALUES (73, 'HONOR_GROUP_VRT', 'Honor Group - Verification Total integration');
INSERT INTO business_rules (customer_id, rule_name, rule_description) VALUES (73, 'HONOR_GROUP_LNX', 'Honor Group - Lending Extended integration');
INSERT INTO business_rules (customer_id, rule_name, rule_description) VALUES (73, 'HONOR_GROUP_BKB', 'Honor Group - Bank Basic integration');
INSERT INTO business_rules (customer_id, rule_name, rule_description) VALUES (74, 'INFINITY_INC_FNL', 'Infinity Inc - Financial Lookup integration');
INSERT INTO business_rules (customer_id, rule_name, rule_description) VALUES (74, 'INFINITY_INC_VRT', 'Infinity Inc - Verification Total integration');
INSERT INTO business_rules (customer_id, rule_name, rule_description) VALUES (74, 'INFINITY_INC_LNK', 'Infinity Inc - Lending Check integration');
INSERT INTO business_rules (customer_id, rule_name, rule_description) VALUES (74, 'INFINITY_INC_SSE', 'Infinity Inc - Social Security Express integration');
INSERT INTO business_rules (customer_id, rule_name, rule_description) VALUES (74, 'INFINITY_INC_VRN', 'Infinity Inc - Verification Network integration');
INSERT INTO business_rules (customer_id, rule_name, rule_description) VALUES (74, 'INFINITY_INC_ACS', 'Infinity Inc - Account Standard integration');
INSERT INTO business_rules (customer_id, rule_name, rule_description) VALUES (74, 'INFINITY_INC_ACB', 'Infinity Inc - Account Basic integration');
INSERT INTO business_rules (customer_id, rule_name, rule_description) VALUES (74, 'INFINITY_INC_LNX', 'Infinity Inc - Lending Extended integration');
INSERT INTO business_rules (customer_id, rule_name, rule_description) VALUES (75, 'GRAND_FINANCIAL_ACS', 'Grand Financial - Account Standard integration');
INSERT INTO business_rules (customer_id, rule_name, rule_description) VALUES (75, 'GRAND_FINANCIAL_FNC', 'Grand Financial - Financial Core integration');
INSERT INTO business_rules (customer_id, rule_name, rule_description) VALUES (75, 'GRAND_FINANCIAL_VRN', 'Grand Financial - Verification Network integration');
INSERT INTO business_rules (customer_id, rule_name, rule_description) VALUES (75, 'GRAND_FINANCIAL_LNK', 'Grand Financial - Lending Check integration');
INSERT INTO business_rules (customer_id, rule_name, rule_description) VALUES (75, 'GRAND_FINANCIAL_SSM', 'Grand Financial - Social Security Monitor integration');
INSERT INTO business_rules (customer_id, rule_name, rule_description) VALUES (75, 'GRAND_FINANCIAL_LNX', 'Grand Financial - Lending Extended integration');
INSERT INTO business_rules (customer_id, rule_name, rule_description) VALUES (75, 'GRAND_FINANCIAL_ACB', 'Grand Financial - Account Basic integration');
INSERT INTO business_rules (customer_id, rule_name, rule_description) VALUES (75, 'GRAND_FINANCIAL_BKB', 'Grand Financial - Bank Basic integration');
INSERT INTO business_rules (customer_id, rule_name, rule_description) VALUES (76, 'ONE_LENDING_LNK', 'One Lending - Lending Check integration');
INSERT INTO business_rules (customer_id, rule_name, rule_description) VALUES (76, 'ONE_LENDING_FNL', 'One Lending - Financial Lookup integration');
INSERT INTO business_rules (customer_id, rule_name, rule_description) VALUES (76, 'ONE_LENDING_SSE', 'One Lending - Social Security Express integration');
INSERT INTO business_rules (customer_id, rule_name, rule_description) VALUES (76, 'ONE_LENDING_ACS', 'One Lending - Account Standard integration');
INSERT INTO business_rules (customer_id, rule_name, rule_description) VALUES (76, 'ONE_LENDING_IDS', 'One Lending - Identity Standard integration');
INSERT INTO business_rules (customer_id, rule_name, rule_description) VALUES (76, 'ONE_LENDING_SSM', 'One Lending - Social Security Monitor integration');
INSERT INTO business_rules (customer_id, rule_name, rule_description) VALUES (76, 'ONE_LENDING_BKB', 'One Lending - Bank Basic integration');
INSERT INTO business_rules (customer_id, rule_name, rule_description) VALUES (76, 'ONE_LENDING_ACB', 'One Lending - Account Basic integration');
INSERT INTO business_rules (customer_id, rule_name, rule_description) VALUES (77, 'THIRD_PLUS_FNL', 'Third Plus - Financial Lookup integration');
INSERT INTO business_rules (customer_id, rule_name, rule_description) VALUES (77, 'THIRD_PLUS_BKB', 'Third Plus - Bank Basic integration');
INSERT INTO business_rules (customer_id, rule_name, rule_description) VALUES (77, 'THIRD_PLUS_FNC', 'Third Plus - Financial Core integration');
INSERT INTO business_rules (customer_id, rule_name, rule_description) VALUES (77, 'THIRD_PLUS_SSM', 'Third Plus - Social Security Monitor integration');
INSERT INTO business_rules (customer_id, rule_name, rule_description) VALUES (77, 'THIRD_PLUS_LNX', 'Third Plus - Lending Extended integration');
INSERT INTO business_rules (customer_id, rule_name, rule_description) VALUES (78, 'SOLAR_UNITED_ACB', 'Solar United - Account Basic integration');
INSERT INTO business_rules (customer_id, rule_name, rule_description) VALUES (78, 'SOLAR_UNITED_BKB', 'Solar United - Bank Basic integration');
INSERT INTO business_rules (customer_id, rule_name, rule_description) VALUES (78, 'SOLAR_UNITED_SSM', 'Solar United - Social Security Monitor integration');
INSERT INTO business_rules (customer_id, rule_name, rule_description) VALUES (78, 'SOLAR_UNITED_LNK', 'Solar United - Lending Check integration');
INSERT INTO business_rules (customer_id, rule_name, rule_description) VALUES (78, 'SOLAR_UNITED_LNX', 'Solar United - Lending Extended integration');
INSERT INTO business_rules (customer_id, rule_name, rule_description) VALUES (79, 'HUB_TRUST_SSE', 'Hub Trust - Social Security Express integration');
INSERT INTO business_rules (customer_id, rule_name, rule_description) VALUES (79, 'HUB_TRUST_VRN', 'Hub Trust - Verification Network integration');
INSERT INTO business_rules (customer_id, rule_name, rule_description) VALUES (79, 'HUB_TRUST_FNC', 'Hub Trust - Financial Core integration');
INSERT INTO business_rules (customer_id, rule_name, rule_description) VALUES (79, 'HUB_TRUST_BKB', 'Hub Trust - Bank Basic integration');
INSERT INTO business_rules (customer_id, rule_name, rule_description) VALUES (79, 'HUB_TRUST_SSM', 'Hub Trust - Social Security Monitor integration');
INSERT INTO business_rules (customer_id, rule_name, rule_description) VALUES (79, 'HUB_TRUST_FNL', 'Hub Trust - Financial Lookup integration');
INSERT INTO business_rules (customer_id, rule_name, rule_description) VALUES (79, 'HUB_TRUST_IDS', 'Hub Trust - Identity Standard integration');
INSERT INTO business_rules (customer_id, rule_name, rule_description) VALUES (79, 'HUB_TRUST_ACS', 'Hub Trust - Account Standard integration');
INSERT INTO business_rules (customer_id, rule_name, rule_description) VALUES (80, 'VALUE_MANAGEMENT_IDS', 'Value Management - Identity Standard integration');
INSERT INTO business_rules (customer_id, rule_name, rule_description) VALUES (80, 'VALUE_MANAGEMENT_VRT', 'Value Management - Verification Total integration');
INSERT INTO business_rules (customer_id, rule_name, rule_description) VALUES (80, 'VALUE_MANAGEMENT_SSE', 'Value Management - Social Security Express integration');
INSERT INTO business_rules (customer_id, rule_name, rule_description) VALUES (80, 'VALUE_MANAGEMENT_VRN', 'Value Management - Verification Network integration');
INSERT INTO business_rules (customer_id, rule_name, rule_description) VALUES (81, 'UNITY_FUNDING_FNC', 'Unity Funding - Financial Core integration');
INSERT INTO business_rules (customer_id, rule_name, rule_description) VALUES (81, 'UNITY_FUNDING_IDS', 'Unity Funding - Identity Standard integration');
INSERT INTO business_rules (customer_id, rule_name, rule_description) VALUES (81, 'UNITY_FUNDING_SSM', 'Unity Funding - Social Security Monitor integration');
INSERT INTO business_rules (customer_id, rule_name, rule_description) VALUES (81, 'UNITY_FUNDING_FNL', 'Unity Funding - Financial Lookup integration');
INSERT INTO business_rules (customer_id, rule_name, rule_description) VALUES (82, 'WISE_INC_FNL', 'Wise Inc - Financial Lookup integration');
INSERT INTO business_rules (customer_id, rule_name, rule_description) VALUES (82, 'WISE_INC_IDS', 'Wise Inc - Identity Standard integration');
INSERT INTO business_rules (customer_id, rule_name, rule_description) VALUES (82, 'WISE_INC_SSE', 'Wise Inc - Social Security Express integration');
INSERT INTO business_rules (customer_id, rule_name, rule_description) VALUES (82, 'WISE_INC_BKB', 'Wise Inc - Bank Basic integration');
INSERT INTO business_rules (customer_id, rule_name, rule_description) VALUES (83, 'UP_TECHNOLOGIES_VRT', 'Up Technologies - Verification Total integration');
INSERT INTO business_rules (customer_id, rule_name, rule_description) VALUES (83, 'UP_TECHNOLOGIES_BKB', 'Up Technologies - Bank Basic integration');
INSERT INTO business_rules (customer_id, rule_name, rule_description) VALUES (83, 'UP_TECHNOLOGIES_LNX', 'Up Technologies - Lending Extended integration');
INSERT INTO business_rules (customer_id, rule_name, rule_description) VALUES (83, 'UP_TECHNOLOGIES_ACS', 'Up Technologies - Account Standard integration');
INSERT INTO business_rules (customer_id, rule_name, rule_description) VALUES (83, 'UP_TECHNOLOGIES_SSM', 'Up Technologies - Social Security Monitor integration');
INSERT INTO business_rules (customer_id, rule_name, rule_description) VALUES (83, 'UP_TECHNOLOGIES_ACB', 'Up Technologies - Account Basic integration');
INSERT INTO business_rules (customer_id, rule_name, rule_description) VALUES (83, 'UP_TECHNOLOGIES_IDS', 'Up Technologies - Identity Standard integration');
INSERT INTO business_rules (customer_id, rule_name, rule_description) VALUES (84, 'CLEAR_ONLINE_ACS', 'Clear Online - Account Standard integration');
INSERT INTO business_rules (customer_id, rule_name, rule_description) VALUES (84, 'CLEAR_ONLINE_LNK', 'Clear Online - Lending Check integration');
INSERT INTO business_rules (customer_id, rule_name, rule_description) VALUES (84, 'CLEAR_ONLINE_SSM', 'Clear Online - Social Security Monitor integration');
INSERT INTO business_rules (customer_id, rule_name, rule_description) VALUES (84, 'CLEAR_ONLINE_BKB', 'Clear Online - Bank Basic integration');
INSERT INTO business_rules (customer_id, rule_name, rule_description) VALUES (85, 'TERRA_BANK_ACB', 'Terra Bank - Account Basic integration');
INSERT INTO business_rules (customer_id, rule_name, rule_description) VALUES (85, 'TERRA_BANK_VRT', 'Terra Bank - Verification Total integration');
INSERT INTO business_rules (customer_id, rule_name, rule_description) VALUES (85, 'TERRA_BANK_SSE', 'Terra Bank - Social Security Express integration');
INSERT INTO business_rules (customer_id, rule_name, rule_description) VALUES (85, 'TERRA_BANK_IDS', 'Terra Bank - Identity Standard integration');
INSERT INTO business_rules (customer_id, rule_name, rule_description) VALUES (85, 'TERRA_BANK_VRN', 'Terra Bank - Verification Network integration');
INSERT INTO business_rules (customer_id, rule_name, rule_description) VALUES (86, 'PENINSULA_CREDIT_SSE', 'Peninsula Credit - Social Security Express integration');
INSERT INTO business_rules (customer_id, rule_name, rule_description) VALUES (86, 'PENINSULA_CREDIT_FNC', 'Peninsula Credit - Financial Core integration');
INSERT INTO business_rules (customer_id, rule_name, rule_description) VALUES (86, 'PENINSULA_CREDIT_VRT', 'Peninsula Credit - Verification Total integration');
INSERT INTO business_rules (customer_id, rule_name, rule_description) VALUES (86, 'PENINSULA_CREDIT_SSM', 'Peninsula Credit - Social Security Monitor integration');
INSERT INTO business_rules (customer_id, rule_name, rule_description) VALUES (87, 'DIRECT_PARTNERS_SSE', 'Direct Partners - Social Security Express integration');
INSERT INTO business_rules (customer_id, rule_name, rule_description) VALUES (87, 'DIRECT_PARTNERS_FNC', 'Direct Partners - Financial Core integration');
INSERT INTO business_rules (customer_id, rule_name, rule_description) VALUES (87, 'DIRECT_PARTNERS_ACB', 'Direct Partners - Account Basic integration');
INSERT INTO business_rules (customer_id, rule_name, rule_description) VALUES (87, 'DIRECT_PARTNERS_LNK', 'Direct Partners - Lending Check integration');
INSERT INTO business_rules (customer_id, rule_name, rule_description) VALUES (87, 'DIRECT_PARTNERS_VRN', 'Direct Partners - Verification Network integration');
INSERT INTO business_rules (customer_id, rule_name, rule_description) VALUES (87, 'DIRECT_PARTNERS_ACS', 'Direct Partners - Account Standard integration');
INSERT INTO business_rules (customer_id, rule_name, rule_description) VALUES (87, 'DIRECT_PARTNERS_VRT', 'Direct Partners - Verification Total integration');
INSERT INTO business_rules (customer_id, rule_name, rule_description) VALUES (88, 'GREEN_TECHNOLOGIES_SSM', 'Green Technologies - Social Security Monitor integration');
INSERT INTO business_rules (customer_id, rule_name, rule_description) VALUES (88, 'GREEN_TECHNOLOGIES_LNX', 'Green Technologies - Lending Extended integration');
INSERT INTO business_rules (customer_id, rule_name, rule_description) VALUES (88, 'GREEN_TECHNOLOGIES_LNK', 'Green Technologies - Lending Check integration');
INSERT INTO business_rules (customer_id, rule_name, rule_description) VALUES (89, 'NORTH_DIGITAL_BKB', 'North Digital - Bank Basic integration');
INSERT INTO business_rules (customer_id, rule_name, rule_description) VALUES (89, 'NORTH_DIGITAL_SSE', 'North Digital - Social Security Express integration');
INSERT INTO business_rules (customer_id, rule_name, rule_description) VALUES (89, 'NORTH_DIGITAL_FNC', 'North Digital - Financial Core integration');
INSERT INTO business_rules (customer_id, rule_name, rule_description) VALUES (89, 'NORTH_DIGITAL_VRT', 'North Digital - Verification Total integration');
INSERT INTO business_rules (customer_id, rule_name, rule_description) VALUES (89, 'NORTH_DIGITAL_SSM', 'North Digital - Social Security Monitor integration');
INSERT INTO business_rules (customer_id, rule_name, rule_description) VALUES (89, 'NORTH_DIGITAL_ACS', 'North Digital - Account Standard integration');
INSERT INTO business_rules (customer_id, rule_name, rule_description) VALUES (89, 'NORTH_DIGITAL_FNL', 'North Digital - Financial Lookup integration');
INSERT INTO business_rules (customer_id, rule_name, rule_description) VALUES (90, 'STONE_LLC_ACS', 'Stone LLC - Account Standard integration');
INSERT INTO business_rules (customer_id, rule_name, rule_description) VALUES (90, 'STONE_LLC_IDS', 'Stone LLC - Identity Standard integration');
INSERT INTO business_rules (customer_id, rule_name, rule_description) VALUES (90, 'STONE_LLC_VRN', 'Stone LLC - Verification Network integration');
INSERT INTO business_rules (customer_id, rule_name, rule_description) VALUES (90, 'STONE_LLC_SSE', 'Stone LLC - Social Security Express integration');
INSERT INTO business_rules (customer_id, rule_name, rule_description) VALUES (90, 'STONE_LLC_BKB', 'Stone LLC - Bank Basic integration');
INSERT INTO business_rules (customer_id, rule_name, rule_description) VALUES (90, 'STONE_LLC_VRT', 'Stone LLC - Verification Total integration');
INSERT INTO business_rules (customer_id, rule_name, rule_description) VALUES (90, 'STONE_LLC_SSM', 'Stone LLC - Social Security Monitor integration');
INSERT INTO business_rules (customer_id, rule_name, rule_description) VALUES (91, 'PENINSULA_FUNDING_FNC', 'Peninsula Funding - Financial Core integration');
INSERT INTO business_rules (customer_id, rule_name, rule_description) VALUES (91, 'PENINSULA_FUNDING_SSE', 'Peninsula Funding - Social Security Express integration');
INSERT INTO business_rules (customer_id, rule_name, rule_description) VALUES (91, 'PENINSULA_FUNDING_LNK', 'Peninsula Funding - Lending Check integration');
INSERT INTO business_rules (customer_id, rule_name, rule_description) VALUES (91, 'PENINSULA_FUNDING_IDS', 'Peninsula Funding - Identity Standard integration');
INSERT INTO business_rules (customer_id, rule_name, rule_description) VALUES (91, 'PENINSULA_FUNDING_ACB', 'Peninsula Funding - Account Basic integration');
INSERT INTO business_rules (customer_id, rule_name, rule_description) VALUES (91, 'PENINSULA_FUNDING_VRT', 'Peninsula Funding - Verification Total integration');
INSERT INTO business_rules (customer_id, rule_name, rule_description) VALUES (91, 'PENINSULA_FUNDING_ACS', 'Peninsula Funding - Account Standard integration');
INSERT INTO business_rules (customer_id, rule_name, rule_description) VALUES (92, 'SPECTRUM_HOLDINGS_FNL', 'Spectrum Holdings - Financial Lookup integration');
INSERT INTO business_rules (customer_id, rule_name, rule_description) VALUES (92, 'SPECTRUM_HOLDINGS_SSM', 'Spectrum Holdings - Social Security Monitor integration');
INSERT INTO business_rules (customer_id, rule_name, rule_description) VALUES (92, 'SPECTRUM_HOLDINGS_VRN', 'Spectrum Holdings - Verification Network integration');
INSERT INTO business_rules (customer_id, rule_name, rule_description) VALUES (92, 'SPECTRUM_HOLDINGS_LNX', 'Spectrum Holdings - Lending Extended integration');
INSERT INTO business_rules (customer_id, rule_name, rule_description) VALUES (93, 'RAY_CORP_SSE', 'Ray Corp - Social Security Express integration');
INSERT INTO business_rules (customer_id, rule_name, rule_description) VALUES (93, 'RAY_CORP_VRN', 'Ray Corp - Verification Network integration');
INSERT INTO business_rules (customer_id, rule_name, rule_description) VALUES (93, 'RAY_CORP_LNK', 'Ray Corp - Lending Check integration');
INSERT INTO business_rules (customer_id, rule_name, rule_description) VALUES (94, 'VENTURE_GLOBAL_SSE', 'Venture Global - Social Security Express integration');
INSERT INTO business_rules (customer_id, rule_name, rule_description) VALUES (94, 'VENTURE_GLOBAL_VRT', 'Venture Global - Verification Total integration');
INSERT INTO business_rules (customer_id, rule_name, rule_description) VALUES (94, 'VENTURE_GLOBAL_ACS', 'Venture Global - Account Standard integration');
INSERT INTO business_rules (customer_id, rule_name, rule_description) VALUES (94, 'VENTURE_GLOBAL_BKB', 'Venture Global - Bank Basic integration');
INSERT INTO business_rules (customer_id, rule_name, rule_description) VALUES (94, 'VENTURE_GLOBAL_IDS', 'Venture Global - Identity Standard integration');
INSERT INTO business_rules (customer_id, rule_name, rule_description) VALUES (94, 'VENTURE_GLOBAL_FNL', 'Venture Global - Financial Lookup integration');
INSERT INTO business_rules (customer_id, rule_name, rule_description) VALUES (94, 'VENTURE_GLOBAL_SSM', 'Venture Global - Social Security Monitor integration');
INSERT INTO business_rules (customer_id, rule_name, rule_description) VALUES (94, 'VENTURE_GLOBAL_LNK', 'Venture Global - Lending Check integration');
INSERT INTO business_rules (customer_id, rule_name, rule_description) VALUES (95, 'OCEAN_CORP_VRT', 'Ocean Corp - Verification Total integration');
INSERT INTO business_rules (customer_id, rule_name, rule_description) VALUES (95, 'OCEAN_CORP_BKB', 'Ocean Corp - Bank Basic integration');
INSERT INTO business_rules (customer_id, rule_name, rule_description) VALUES (95, 'OCEAN_CORP_IDS', 'Ocean Corp - Identity Standard integration');
INSERT INTO business_rules (customer_id, rule_name, rule_description) VALUES (95, 'OCEAN_CORP_ACS', 'Ocean Corp - Account Standard integration');
INSERT INTO business_rules (customer_id, rule_name, rule_description) VALUES (96, 'FALCON_CONSULTING_VRT', 'Falcon Consulting - Verification Total integration');
INSERT INTO business_rules (customer_id, rule_name, rule_description) VALUES (96, 'FALCON_CONSULTING_LNK', 'Falcon Consulting - Lending Check integration');
INSERT INTO business_rules (customer_id, rule_name, rule_description) VALUES (96, 'FALCON_CONSULTING_IDS', 'Falcon Consulting - Identity Standard integration');
INSERT INTO business_rules (customer_id, rule_name, rule_description) VALUES (96, 'FALCON_CONSULTING_VRN', 'Falcon Consulting - Verification Network integration');
INSERT INTO business_rules (customer_id, rule_name, rule_description) VALUES (97, 'VISTA_GROUP_SSM', 'Vista Group - Social Security Monitor integration');
INSERT INTO business_rules (customer_id, rule_name, rule_description) VALUES (97, 'VISTA_GROUP_FNL', 'Vista Group - Financial Lookup integration');
INSERT INTO business_rules (customer_id, rule_name, rule_description) VALUES (97, 'VISTA_GROUP_LNX', 'Vista Group - Lending Extended integration');
INSERT INTO business_rules (customer_id, rule_name, rule_description) VALUES (97, 'VISTA_GROUP_FNC', 'Vista Group - Financial Core integration');
INSERT INTO business_rules (customer_id, rule_name, rule_description) VALUES (97, 'VISTA_GROUP_BKB', 'Vista Group - Bank Basic integration');
INSERT INTO business_rules (customer_id, rule_name, rule_description) VALUES (97, 'VISTA_GROUP_SSE', 'Vista Group - Social Security Express integration');
INSERT INTO business_rules (customer_id, rule_name, rule_description) VALUES (97, 'VISTA_GROUP_VRN', 'Vista Group - Verification Network integration');
INSERT INTO business_rules (customer_id, rule_name, rule_description) VALUES (98, 'MASON_LEASING_SSM', 'Mason Leasing - Social Security Monitor integration');
INSERT INTO business_rules (customer_id, rule_name, rule_description) VALUES (98, 'MASON_LEASING_BKB', 'Mason Leasing - Bank Basic integration');
INSERT INTO business_rules (customer_id, rule_name, rule_description) VALUES (98, 'MASON_LEASING_SSE', 'Mason Leasing - Social Security Express integration');
INSERT INTO business_rules (customer_id, rule_name, rule_description) VALUES (98, 'MASON_LEASING_VRT', 'Mason Leasing - Verification Total integration');
INSERT INTO business_rules (customer_id, rule_name, rule_description) VALUES (99, 'NATIVE_CREDIT_ACB', 'Native Credit - Account Basic integration');
INSERT INTO business_rules (customer_id, rule_name, rule_description) VALUES (99, 'NATIVE_CREDIT_FNC', 'Native Credit - Financial Core integration');
INSERT INTO business_rules (customer_id, rule_name, rule_description) VALUES (99, 'NATIVE_CREDIT_VRN', 'Native Credit - Verification Network integration');
INSERT INTO business_rules (customer_id, rule_name, rule_description) VALUES (99, 'NATIVE_CREDIT_SSE', 'Native Credit - Social Security Express integration');
INSERT INTO business_rules (customer_id, rule_name, rule_description) VALUES (99, 'NATIVE_CREDIT_LNX', 'Native Credit - Lending Extended integration');
INSERT INTO business_rules (customer_id, rule_name, rule_description) VALUES (99, 'NATIVE_CREDIT_LNK', 'Native Credit - Lending Check integration');
INSERT INTO business_rules (customer_id, rule_name, rule_description) VALUES (100, 'COASTAL_LLC_ACB', 'Coastal LLC - Account Basic integration');
INSERT INTO business_rules (customer_id, rule_name, rule_description) VALUES (100, 'COASTAL_LLC_FNL', 'Coastal LLC - Financial Lookup integration');
INSERT INTO business_rules (customer_id, rule_name, rule_description) VALUES (100, 'COASTAL_LLC_SSE', 'Coastal LLC - Social Security Express integration');
INSERT INTO business_rules (customer_id, rule_name, rule_description) VALUES (100, 'COASTAL_LLC_BKB', 'Coastal LLC - Bank Basic integration');

-- BUSINESS RULE MASKS
INSERT INTO business_rule_masks (customer_id, rule_name, is_masked, effective_date) VALUES (1, 'QUALITY_CONSULTING_ACB', 1, date('now'));
INSERT INTO business_rule_masks (customer_id, rule_name, is_masked, effective_date) VALUES (3, 'PROSPERITY_CONSULTING_SSM', 1, date('now'));
INSERT INTO business_rule_masks (customer_id, rule_name, is_masked, effective_date) VALUES (4, 'RUBY_SECURITIES_ACB', 1, date('now'));
INSERT INTO business_rule_masks (customer_id, rule_name, is_masked, effective_date) VALUES (6, 'UP_GLOBAL_VRN', 1, date('now'));
INSERT INTO business_rule_masks (customer_id, rule_name, is_masked, effective_date) VALUES (7, 'OPTIMAL_LEASING_SSE', 1, date('now'));
INSERT INTO business_rule_masks (customer_id, rule_name, is_masked, effective_date) VALUES (8, 'FIVE_CONSULTING_ACS', 1, date('now'));
INSERT INTO business_rule_masks (customer_id, rule_name, is_masked, effective_date) VALUES (9, 'LEGACY_HOLDINGS_VRT', 1, date('now'));
INSERT INTO business_rule_masks (customer_id, rule_name, is_masked, effective_date) VALUES (10, 'WHITE_COMMUNITY_LNX', 1, date('now'));
INSERT INTO business_rule_masks (customer_id, rule_name, is_masked, effective_date) VALUES (10, 'WHITE_COMMUNITY_VRT', 1, date('now'));
INSERT INTO business_rule_masks (customer_id, rule_name, is_masked, effective_date) VALUES (10, 'WHITE_COMMUNITY_ACS', 1, date('now'));
INSERT INTO business_rule_masks (customer_id, rule_name, is_masked, effective_date) VALUES (10, 'WHITE_COMMUNITY_SSE', 1, date('now'));
INSERT INTO business_rule_masks (customer_id, rule_name, is_masked, effective_date) VALUES (10, 'WHITE_COMMUNITY_FNC', 1, date('now'));
INSERT INTO business_rule_masks (customer_id, rule_name, is_masked, effective_date) VALUES (11, 'CEDAR_HOLDINGS_BKB', 1, date('now'));
INSERT INTO business_rule_masks (customer_id, rule_name, is_masked, effective_date) VALUES (13, 'HUB_LLC_FNL', 1, date('now'));
INSERT INTO business_rule_masks (customer_id, rule_name, is_masked, effective_date) VALUES (15, 'HUB_HOLDINGS_VRN', 1, date('now'));
INSERT INTO business_rule_masks (customer_id, rule_name, is_masked, effective_date) VALUES (15, 'HUB_HOLDINGS_BKB', 1, date('now'));
INSERT INTO business_rule_masks (customer_id, rule_name, is_masked, effective_date) VALUES (15, 'HUB_HOLDINGS_ACB', 1, date('now'));
INSERT INTO business_rule_masks (customer_id, rule_name, is_masked, effective_date) VALUES (16, 'TRUE_FUNDING_VRT', 1, date('now'));
INSERT INTO business_rule_masks (customer_id, rule_name, is_masked, effective_date) VALUES (19, 'HIGH_PLUS_ACS', 1, date('now'));
INSERT INTO business_rule_masks (customer_id, rule_name, is_masked, effective_date) VALUES (20, 'RED_HOLDINGS_LNX', 1, date('now'));
INSERT INTO business_rule_masks (customer_id, rule_name, is_masked, effective_date) VALUES (23, 'YELLOW_PRO_FNL', 1, date('now'));
INSERT INTO business_rule_masks (customer_id, rule_name, is_masked, effective_date) VALUES (24, 'MIDWEST_EXPRESS_SSM', 1, date('now'));
INSERT INTO business_rule_masks (customer_id, rule_name, is_masked, effective_date) VALUES (25, 'WISE_CORP_ACB', 1, date('now'));
INSERT INTO business_rule_masks (customer_id, rule_name, is_masked, effective_date) VALUES (26, 'CROWN_INTERNATIONAL_LNK', 1, date('now'));
INSERT INTO business_rule_masks (customer_id, rule_name, is_masked, effective_date) VALUES (27, 'VALUE_ASSOCIATES_BKB', 1, date('now'));
INSERT INTO business_rule_masks (customer_id, rule_name, is_masked, effective_date) VALUES (28, 'LATITUDE_CONSULTING_BKB', 1, date('now'));
INSERT INTO business_rule_masks (customer_id, rule_name, is_masked, effective_date) VALUES (30, 'ROCKY_PRO_LNX', 1, date('now'));
INSERT INTO business_rule_masks (customer_id, rule_name, is_masked, effective_date) VALUES (30, 'ROCKY_PRO_SSE', 1, date('now'));
INSERT INTO business_rule_masks (customer_id, rule_name, is_masked, effective_date) VALUES (32, 'SIGNAL_ONLINE_VRT', 1, date('now'));
INSERT INTO business_rule_masks (customer_id, rule_name, is_masked, effective_date) VALUES (33, 'TIMBER_REGIONAL_FNL', 1, date('now'));
INSERT INTO business_rule_masks (customer_id, rule_name, is_masked, effective_date) VALUES (33, 'TIMBER_REGIONAL_LNX', 1, date('now'));
INSERT INTO business_rule_masks (customer_id, rule_name, is_masked, effective_date) VALUES (35, 'SOLID_FINANCIAL_IDS', 1, date('now'));
INSERT INTO business_rule_masks (customer_id, rule_name, is_masked, effective_date) VALUES (36, 'SOUTH_EXPRESS_ACS', 1, date('now'));
INSERT INTO business_rule_masks (customer_id, rule_name, is_masked, effective_date) VALUES (37, 'RED_FINANCE_LNK', 1, date('now'));
INSERT INTO business_rule_masks (customer_id, rule_name, is_masked, effective_date) VALUES (37, 'RED_FINANCE_SSE', 1, date('now'));
INSERT INTO business_rule_masks (customer_id, rule_name, is_masked, effective_date) VALUES (37, 'RED_FINANCE_FNL', 1, date('now'));
INSERT INTO business_rule_masks (customer_id, rule_name, is_masked, effective_date) VALUES (39, 'OPEN_SAVINGS_ACS', 1, date('now'));
INSERT INTO business_rule_masks (customer_id, rule_name, is_masked, effective_date) VALUES (39, 'OPEN_SAVINGS_FNC', 1, date('now'));
INSERT INTO business_rule_masks (customer_id, rule_name, is_masked, effective_date) VALUES (42, 'EMPIRE_FINANCIAL_IDS', 1, date('now'));
INSERT INTO business_rule_masks (customer_id, rule_name, is_masked, effective_date) VALUES (44, 'NETWORK_LLC_VRT', 1, date('now'));
INSERT INTO business_rule_masks (customer_id, rule_name, is_masked, effective_date) VALUES (44, 'NETWORK_LLC_SSE', 1, date('now'));
INSERT INTO business_rule_masks (customer_id, rule_name, is_masked, effective_date) VALUES (45, 'FOUNDATION_ONLINE_FNC', 1, date('now'));
INSERT INTO business_rule_masks (customer_id, rule_name, is_masked, effective_date) VALUES (46, 'PLAZA_INSURANCE_FNL', 1, date('now'));
INSERT INTO business_rule_masks (customer_id, rule_name, is_masked, effective_date) VALUES (48, 'TRIBUTE_SYSTEMS_FNC', 1, date('now'));
INSERT INTO business_rule_masks (customer_id, rule_name, is_masked, effective_date) VALUES (50, 'TWIN_TRUST_ACB', 1, date('now'));
INSERT INTO business_rule_masks (customer_id, rule_name, is_masked, effective_date) VALUES (54, 'STRATEGIC_ASSOCIATES_IDS', 1, date('now'));
INSERT INTO business_rule_masks (customer_id, rule_name, is_masked, effective_date) VALUES (56, 'ROCKY_GLOBAL_FNL', 1, date('now'));
INSERT INTO business_rule_masks (customer_id, rule_name, is_masked, effective_date) VALUES (57, 'CENTRAL_MORTGAGE_VRT', 1, date('now'));
INSERT INTO business_rule_masks (customer_id, rule_name, is_masked, effective_date) VALUES (58, 'ACME_LEASING_ACS', 1, date('now'));
INSERT INTO business_rule_masks (customer_id, rule_name, is_masked, effective_date) VALUES (60, 'SILVER_SOLUTIONS_LNX', 1, date('now'));
INSERT INTO business_rule_masks (customer_id, rule_name, is_masked, effective_date) VALUES (61, 'EMPIRE_CAPITAL_ACS', 1, date('now'));
INSERT INTO business_rule_masks (customer_id, rule_name, is_masked, effective_date) VALUES (62, 'SAGE_ONLINE_SSM', 1, date('now'));
INSERT INTO business_rule_masks (customer_id, rule_name, is_masked, effective_date) VALUES (62, 'SAGE_ONLINE_FNL', 1, date('now'));
INSERT INTO business_rule_masks (customer_id, rule_name, is_masked, effective_date) VALUES (66, 'HERITAGE_GLOBAL_FNL', 1, date('now'));
INSERT INTO business_rule_masks (customer_id, rule_name, is_masked, effective_date) VALUES (67, 'WESTERN_SOLUTIONS_SSE', 1, date('now'));
INSERT INTO business_rule_masks (customer_id, rule_name, is_masked, effective_date) VALUES (68, 'STREET_ASSOCIATES_FNL', 1, date('now'));
INSERT INTO business_rule_masks (customer_id, rule_name, is_masked, effective_date) VALUES (68, 'STREET_ASSOCIATES_ACB', 1, date('now'));
INSERT INTO business_rule_masks (customer_id, rule_name, is_masked, effective_date) VALUES (70, 'PIONEER_UNITED_FNC', 1, date('now'));
INSERT INTO business_rule_masks (customer_id, rule_name, is_masked, effective_date) VALUES (71, 'COASTAL_BANK_SSE', 1, date('now'));
INSERT INTO business_rule_masks (customer_id, rule_name, is_masked, effective_date) VALUES (71, 'COASTAL_BANK_LNK', 1, date('now'));
INSERT INTO business_rule_masks (customer_id, rule_name, is_masked, effective_date) VALUES (72, 'NOVA_BANK_LNX', 1, date('now'));
INSERT INTO business_rule_masks (customer_id, rule_name, is_masked, effective_date) VALUES (72, 'NOVA_BANK_BKB', 1, date('now'));
INSERT INTO business_rule_masks (customer_id, rule_name, is_masked, effective_date) VALUES (73, 'HONOR_GROUP_FNC', 1, date('now'));
INSERT INTO business_rule_masks (customer_id, rule_name, is_masked, effective_date) VALUES (74, 'INFINITY_INC_FNL', 1, date('now'));
INSERT INTO business_rule_masks (customer_id, rule_name, is_masked, effective_date) VALUES (74, 'INFINITY_INC_VRN', 1, date('now'));
INSERT INTO business_rule_masks (customer_id, rule_name, is_masked, effective_date) VALUES (74, 'INFINITY_INC_ACS', 1, date('now'));
INSERT INTO business_rule_masks (customer_id, rule_name, is_masked, effective_date) VALUES (74, 'INFINITY_INC_LNX', 1, date('now'));
INSERT INTO business_rule_masks (customer_id, rule_name, is_masked, effective_date) VALUES (76, 'ONE_LENDING_FNL', 1, date('now'));
INSERT INTO business_rule_masks (customer_id, rule_name, is_masked, effective_date) VALUES (76, 'ONE_LENDING_ACS', 1, date('now'));
INSERT INTO business_rule_masks (customer_id, rule_name, is_masked, effective_date) VALUES (77, 'THIRD_PLUS_FNL', 1, date('now'));
INSERT INTO business_rule_masks (customer_id, rule_name, is_masked, effective_date) VALUES (77, 'THIRD_PLUS_LNX', 1, date('now'));
INSERT INTO business_rule_masks (customer_id, rule_name, is_masked, effective_date) VALUES (78, 'SOLAR_UNITED_SSM', 1, date('now'));
INSERT INTO business_rule_masks (customer_id, rule_name, is_masked, effective_date) VALUES (79, 'HUB_TRUST_BKB', 1, date('now'));
INSERT INTO business_rule_masks (customer_id, rule_name, is_masked, effective_date) VALUES (79, 'HUB_TRUST_SSM', 1, date('now'));
INSERT INTO business_rule_masks (customer_id, rule_name, is_masked, effective_date) VALUES (82, 'WISE_INC_FNL', 1, date('now'));
INSERT INTO business_rule_masks (customer_id, rule_name, is_masked, effective_date) VALUES (83, 'UP_TECHNOLOGIES_SSM', 1, date('now'));
INSERT INTO business_rule_masks (customer_id, rule_name, is_masked, effective_date) VALUES (85, 'TERRA_BANK_VRN', 1, date('now'));
INSERT INTO business_rule_masks (customer_id, rule_name, is_masked, effective_date) VALUES (87, 'DIRECT_PARTNERS_FNC', 1, date('now'));
INSERT INTO business_rule_masks (customer_id, rule_name, is_masked, effective_date) VALUES (89, 'NORTH_DIGITAL_SSE', 1, date('now'));
INSERT INTO business_rule_masks (customer_id, rule_name, is_masked, effective_date) VALUES (89, 'NORTH_DIGITAL_SSM', 1, date('now'));
INSERT INTO business_rule_masks (customer_id, rule_name, is_masked, effective_date) VALUES (90, 'STONE_LLC_SSE', 1, date('now'));
INSERT INTO business_rule_masks (customer_id, rule_name, is_masked, effective_date) VALUES (92, 'SPECTRUM_HOLDINGS_LNX', 1, date('now'));
INSERT INTO business_rule_masks (customer_id, rule_name, is_masked, effective_date) VALUES (95, 'OCEAN_CORP_BKB', 1, date('now'));
INSERT INTO business_rule_masks (customer_id, rule_name, is_masked, effective_date) VALUES (97, 'VISTA_GROUP_SSE', 1, date('now'));
INSERT INTO business_rule_masks (customer_id, rule_name, is_masked, effective_date) VALUES (98, 'MASON_LEASING_BKB', 1, date('now'));
INSERT INTO business_rule_masks (customer_id, rule_name, is_masked, effective_date) VALUES (98, 'MASON_LEASING_VRT', 1, date('now'));
INSERT INTO business_rule_masks (customer_id, rule_name, is_masked, effective_date) VALUES (99, 'NATIVE_CREDIT_ACB', 1, date('now'));
INSERT INTO business_rule_masks (customer_id, rule_name, is_masked, effective_date) VALUES (99, 'NATIVE_CREDIT_VRN', 1, date('now'));

-- TRANSACTION TYPES
INSERT INTO transaction_types (type, display_name, efx_code, efx_displayname, service_id) VALUES ('lnk', 'Lending Check Hit', 'LNK_HIT', 'LNK_HIT', 1);
INSERT INTO transaction_types (type, display_name, efx_code, efx_displayname, service_id) VALUES ('lnk', 'Lending Check Miss', 'LNK_MISS', 'LNK_MISS', 1);
INSERT INTO transaction_types (type, display_name, efx_code, efx_displayname, service_id) VALUES ('lnk', 'Lending Check Err', 'LNK_ERR', 'LNK_ERR', 1);
INSERT INTO transaction_types (type, display_name, efx_code, efx_displayname, service_id) VALUES ('ids', 'Identity Standard Hit', 'IDS_HIT', 'IDS_HIT', 2);
INSERT INTO transaction_types (type, display_name, efx_code, efx_displayname, service_id) VALUES ('ids', 'Identity Standard Miss', 'IDS_MISS', 'IDS_MISS', 2);
INSERT INTO transaction_types (type, display_name, efx_code, efx_displayname, service_id) VALUES ('ids', 'Identity Standard Err', 'IDS_ERR', 'IDS_ERR', 2);
INSERT INTO transaction_types (type, display_name, efx_code, efx_displayname, service_id) VALUES ('vrt', 'Verification Total Hit', 'VRT_HIT', 'VRT_HIT', 3);
INSERT INTO transaction_types (type, display_name, efx_code, efx_displayname, service_id) VALUES ('vrt', 'Verification Total Miss', 'VRT_MISS', 'VRT_MISS', 3);
INSERT INTO transaction_types (type, display_name, efx_code, efx_displayname, service_id) VALUES ('sse', 'Social Security Express Hit', 'SSE_HIT', 'SSE_HIT', 4);
INSERT INTO transaction_types (type, display_name, efx_code, efx_displayname, service_id) VALUES ('sse', 'Social Security Express Miss', 'SSE_MISS', 'SSE_MISS', 4);
INSERT INTO transaction_types (type, display_name, efx_code, efx_displayname, service_id) VALUES ('sse', 'Social Security Express Err', 'SSE_ERR', 'SSE_ERR', 4);
INSERT INTO transaction_types (type, display_name, efx_code, efx_displayname, service_id) VALUES ('ssm', 'Social Security Monitor Hit', 'SSM_HIT', 'SSM_HIT', 5);
INSERT INTO transaction_types (type, display_name, efx_code, efx_displayname, service_id) VALUES ('ssm', 'Social Security Monitor Miss', 'SSM_MISS', 'SSM_MISS', 5);
INSERT INTO transaction_types (type, display_name, efx_code, efx_displayname, service_id) VALUES ('acs', 'Account Standard Hit', 'ACS_HIT', 'ACS_HIT', 6);
INSERT INTO transaction_types (type, display_name, efx_code, efx_displayname, service_id) VALUES ('acs', 'Account Standard Miss', 'ACS_MISS', 'ACS_MISS', 6);
INSERT INTO transaction_types (type, display_name, efx_code, efx_displayname, service_id) VALUES ('fnl', 'Financial Lookup Hit', 'FNL_HIT', 'FNL_HIT', 7);
INSERT INTO transaction_types (type, display_name, efx_code, efx_displayname, service_id) VALUES ('fnl', 'Financial Lookup Miss', 'FNL_MISS', 'FNL_MISS', 7);
INSERT INTO transaction_types (type, display_name, efx_code, efx_displayname, service_id) VALUES ('fnl', 'Financial Lookup Err', 'FNL_ERR', 'FNL_ERR', 7);
INSERT INTO transaction_types (type, display_name, efx_code, efx_displayname, service_id) VALUES ('vrn', 'Verification Network Hit', 'VRN_HIT', 'VRN_HIT', 8);
INSERT INTO transaction_types (type, display_name, efx_code, efx_displayname, service_id) VALUES ('vrn', 'Verification Network Miss', 'VRN_MISS', 'VRN_MISS', 8);
INSERT INTO transaction_types (type, display_name, efx_code, efx_displayname, service_id) VALUES ('fnc', 'Financial Core Hit', 'FNC_HIT', 'FNC_HIT', 9);
INSERT INTO transaction_types (type, display_name, efx_code, efx_displayname, service_id) VALUES ('fnc', 'Financial Core Miss', 'FNC_MISS', 'FNC_MISS', 9);
INSERT INTO transaction_types (type, display_name, efx_code, efx_displayname, service_id) VALUES ('fnc', 'Financial Core Err', 'FNC_ERR', 'FNC_ERR', 9);
INSERT INTO transaction_types (type, display_name, efx_code, efx_displayname, service_id) VALUES ('fnc', 'Financial Core Null', 'FNC_NULL', 'FNC_NULL', 9);
INSERT INTO transaction_types (type, display_name, efx_code, efx_displayname, service_id) VALUES ('lnx', 'Lending Extended Hit', 'LNX_HIT', 'LNX_HIT', 10);
INSERT INTO transaction_types (type, display_name, efx_code, efx_displayname, service_id) VALUES ('lnx', 'Lending Extended Miss', 'LNX_MISS', 'LNX_MISS', 10);
INSERT INTO transaction_types (type, display_name, efx_code, efx_displayname, service_id) VALUES ('bkb', 'Bank Basic Hit', 'BKB_HIT', 'BKB_HIT', 11);
INSERT INTO transaction_types (type, display_name, efx_code, efx_displayname, service_id) VALUES ('bkb', 'Bank Basic Miss', 'BKB_MISS', 'BKB_MISS', 11);
INSERT INTO transaction_types (type, display_name, efx_code, efx_displayname, service_id) VALUES ('bkb', 'Bank Basic Err', 'BKB_ERR', 'BKB_ERR', 11);
INSERT INTO transaction_types (type, display_name, efx_code, efx_displayname, service_id) VALUES ('bkb', 'Bank Basic Null', 'BKB_NULL', 'BKB_NULL', 11);
INSERT INTO transaction_types (type, display_name, efx_code, efx_displayname, service_id) VALUES ('acb', 'Account Basic Hit', 'ACB_HIT', 'ACB_HIT', 12);
INSERT INTO transaction_types (type, display_name, efx_code, efx_displayname, service_id) VALUES ('acb', 'Account Basic Miss', 'ACB_MISS', 'ACB_MISS', 12);
INSERT INTO transaction_types (type, display_name, efx_code, efx_displayname, service_id) VALUES ('acb', 'Account Basic Err', 'ACB_ERR', 'ACB_ERR', 12);
INSERT INTO transaction_types (type, display_name, efx_code, efx_displayname, service_id) VALUES ('acb', 'Account Basic Null', 'ACB_NULL', 'ACB_NULL', 12);

-- BILLING FLAGS
INSERT INTO service_billing_flags (level, level_id, service_id, efx_code, by_hit, zero_null, bav_by_trans, effective_date) VALUES ('default', NULL, 1, 'LNK_HIT', 1, 1, 0, date('now'));
INSERT INTO service_billing_flags (level, level_id, service_id, efx_code, by_hit, zero_null, bav_by_trans, effective_date) VALUES ('default', NULL, 1, 'LNK_MISS', 1, 1, 0, date('now'));
INSERT INTO service_billing_flags (level, level_id, service_id, efx_code, by_hit, zero_null, bav_by_trans, effective_date) VALUES ('default', NULL, 1, 'LNK_ERR', 1, 1, 0, date('now'));
INSERT INTO service_billing_flags (level, level_id, service_id, efx_code, by_hit, zero_null, bav_by_trans, effective_date) VALUES ('default', NULL, 2, 'IDS_HIT', 1, 0, 1, date('now'));
INSERT INTO service_billing_flags (level, level_id, service_id, efx_code, by_hit, zero_null, bav_by_trans, effective_date) VALUES ('default', NULL, 2, 'IDS_MISS', 1, 0, 0, date('now'));
INSERT INTO service_billing_flags (level, level_id, service_id, efx_code, by_hit, zero_null, bav_by_trans, effective_date) VALUES ('default', NULL, 2, 'IDS_ERR', 1, 0, 1, date('now'));
INSERT INTO service_billing_flags (level, level_id, service_id, efx_code, by_hit, zero_null, bav_by_trans, effective_date) VALUES ('default', NULL, 3, 'VRT_HIT', 1, 0, 0, date('now'));
INSERT INTO service_billing_flags (level, level_id, service_id, efx_code, by_hit, zero_null, bav_by_trans, effective_date) VALUES ('default', NULL, 3, 'VRT_MISS', 1, 1, 1, date('now'));
INSERT INTO service_billing_flags (level, level_id, service_id, efx_code, by_hit, zero_null, bav_by_trans, effective_date) VALUES ('default', NULL, 4, 'SSE_HIT', 1, 1, 0, date('now'));
INSERT INTO service_billing_flags (level, level_id, service_id, efx_code, by_hit, zero_null, bav_by_trans, effective_date) VALUES ('default', NULL, 4, 'SSE_MISS', 1, 0, 0, date('now'));
INSERT INTO service_billing_flags (level, level_id, service_id, efx_code, by_hit, zero_null, bav_by_trans, effective_date) VALUES ('default', NULL, 4, 'SSE_ERR', 1, 1, 0, date('now'));
INSERT INTO service_billing_flags (level, level_id, service_id, efx_code, by_hit, zero_null, bav_by_trans, effective_date) VALUES ('default', NULL, 5, 'SSM_HIT', 1, 0, 1, date('now'));
INSERT INTO service_billing_flags (level, level_id, service_id, efx_code, by_hit, zero_null, bav_by_trans, effective_date) VALUES ('default', NULL, 5, 'SSM_MISS', 1, 1, 1, date('now'));
INSERT INTO service_billing_flags (level, level_id, service_id, efx_code, by_hit, zero_null, bav_by_trans, effective_date) VALUES ('default', NULL, 6, 'ACS_HIT', 1, 1, 1, date('now'));
INSERT INTO service_billing_flags (level, level_id, service_id, efx_code, by_hit, zero_null, bav_by_trans, effective_date) VALUES ('default', NULL, 6, 'ACS_MISS', 1, 0, 1, date('now'));
INSERT INTO service_billing_flags (level, level_id, service_id, efx_code, by_hit, zero_null, bav_by_trans, effective_date) VALUES ('default', NULL, 7, 'FNL_HIT', 1, 0, 0, date('now'));
INSERT INTO service_billing_flags (level, level_id, service_id, efx_code, by_hit, zero_null, bav_by_trans, effective_date) VALUES ('default', NULL, 7, 'FNL_MISS', 1, 1, 1, date('now'));
INSERT INTO service_billing_flags (level, level_id, service_id, efx_code, by_hit, zero_null, bav_by_trans, effective_date) VALUES ('default', NULL, 7, 'FNL_ERR', 1, 1, 0, date('now'));
INSERT INTO service_billing_flags (level, level_id, service_id, efx_code, by_hit, zero_null, bav_by_trans, effective_date) VALUES ('default', NULL, 8, 'VRN_HIT', 1, 1, 1, date('now'));
INSERT INTO service_billing_flags (level, level_id, service_id, efx_code, by_hit, zero_null, bav_by_trans, effective_date) VALUES ('default', NULL, 8, 'VRN_MISS', 1, 1, 1, date('now'));
INSERT INTO service_billing_flags (level, level_id, service_id, efx_code, by_hit, zero_null, bav_by_trans, effective_date) VALUES ('default', NULL, 9, 'FNC_HIT', 1, 1, 0, date('now'));
INSERT INTO service_billing_flags (level, level_id, service_id, efx_code, by_hit, zero_null, bav_by_trans, effective_date) VALUES ('default', NULL, 9, 'FNC_MISS', 1, 0, 0, date('now'));
INSERT INTO service_billing_flags (level, level_id, service_id, efx_code, by_hit, zero_null, bav_by_trans, effective_date) VALUES ('default', NULL, 9, 'FNC_ERR', 1, 1, 1, date('now'));
INSERT INTO service_billing_flags (level, level_id, service_id, efx_code, by_hit, zero_null, bav_by_trans, effective_date) VALUES ('default', NULL, 9, 'FNC_NULL', 1, 1, 0, date('now'));
INSERT INTO service_billing_flags (level, level_id, service_id, efx_code, by_hit, zero_null, bav_by_trans, effective_date) VALUES ('default', NULL, 10, 'LNX_HIT', 1, 1, 1, date('now'));
INSERT INTO service_billing_flags (level, level_id, service_id, efx_code, by_hit, zero_null, bav_by_trans, effective_date) VALUES ('default', NULL, 10, 'LNX_MISS', 1, 1, 0, date('now'));
INSERT INTO service_billing_flags (level, level_id, service_id, efx_code, by_hit, zero_null, bav_by_trans, effective_date) VALUES ('default', NULL, 11, 'BKB_HIT', 1, 1, 0, date('now'));
INSERT INTO service_billing_flags (level, level_id, service_id, efx_code, by_hit, zero_null, bav_by_trans, effective_date) VALUES ('default', NULL, 11, 'BKB_MISS', 1, 1, 0, date('now'));
INSERT INTO service_billing_flags (level, level_id, service_id, efx_code, by_hit, zero_null, bav_by_trans, effective_date) VALUES ('default', NULL, 11, 'BKB_ERR', 1, 0, 0, date('now'));
INSERT INTO service_billing_flags (level, level_id, service_id, efx_code, by_hit, zero_null, bav_by_trans, effective_date) VALUES ('default', NULL, 11, 'BKB_NULL', 1, 1, 1, date('now'));
INSERT INTO service_billing_flags (level, level_id, service_id, efx_code, by_hit, zero_null, bav_by_trans, effective_date) VALUES ('default', NULL, 12, 'ACB_HIT', 1, 0, 0, date('now'));
INSERT INTO service_billing_flags (level, level_id, service_id, efx_code, by_hit, zero_null, bav_by_trans, effective_date) VALUES ('default', NULL, 12, 'ACB_MISS', 1, 1, 1, date('now'));
INSERT INTO service_billing_flags (level, level_id, service_id, efx_code, by_hit, zero_null, bav_by_trans, effective_date) VALUES ('default', NULL, 12, 'ACB_ERR', 1, 0, 1, date('now'));
INSERT INTO service_billing_flags (level, level_id, service_id, efx_code, by_hit, zero_null, bav_by_trans, effective_date) VALUES ('default', NULL, 12, 'ACB_NULL', 1, 1, 1, date('now'));

-- SERVICE COGS
INSERT INTO service_cogs (service_id, cogs_rate, effective_date) VALUES (1, 0.1183, date('now'));
INSERT INTO service_cogs (service_id, cogs_rate, effective_date) VALUES (2, 0.3106, date('now'));
INSERT INTO service_cogs (service_id, cogs_rate, effective_date) VALUES (3, 0.0469, date('now'));
INSERT INTO service_cogs (service_id, cogs_rate, effective_date) VALUES (4, 0.031, date('now'));
INSERT INTO service_cogs (service_id, cogs_rate, effective_date) VALUES (5, 0.0395, date('now'));
INSERT INTO service_cogs (service_id, cogs_rate, effective_date) VALUES (6, 0.2625, date('now'));
INSERT INTO service_cogs (service_id, cogs_rate, effective_date) VALUES (7, 0.1658, date('now'));
INSERT INTO service_cogs (service_id, cogs_rate, effective_date) VALUES (8, 0.2134, date('now'));
INSERT INTO service_cogs (service_id, cogs_rate, effective_date) VALUES (9, 0.0985, date('now'));
INSERT INTO service_cogs (service_id, cogs_rate, effective_date) VALUES (10, 0.2247, date('now'));
INSERT INTO service_cogs (service_id, cogs_rate, effective_date) VALUES (11, 0.2022, date('now'));
INSERT INTO service_cogs (service_id, cogs_rate, effective_date) VALUES (12, 0.2196, date('now'));

-- SYSTEM SETTINGS
INSERT OR REPLACE INTO system_settings (key, value) VALUES ('default_commission_rate', '10');
